router,-85.1302613080629,-56.01001114665264,-97.84036941458538,-32.23574959021346,2.627505989299479,13.909924865139565,-21.606228296029933,-72.46739519884201,-61.07762285234677,-61.37651524883729,-121.42297780953848,-55.24710736393723,4.788097729011422,-78.11932328330515,-113.44142625310559,49.589026472477755,-66.18209456105956,-69.01547165685454,-173.31990390569433,-140.42266606127902,-46.06569202544486,-153.41516394070868,-190.1429637767113,-199.59514751184716,-140.4483723114849,-196.82950437645957,-30.769429246277284,-148.1976103684317,-61.94483714151145,-128.7897863808595,1.5283724661076263,-71.50239230011921,39.652480559689906,70.33322895140445,-49.24212731660585,-56.045151638341196,-35.918264057468534,-82.66140725551459,-37.04078787261744,-7.376450010550592,-62.66728800182809,-126.01854295732717,-106.54716541303205,-30.224864074855716,-79.40268041582578,-32.762276262212204,-103.17490893462508,150.4368617377441,-138.041034757485,-81.76037088966633,-145.89597785794552,-5.062730947422359,-92.43031243004869,-78.91988863750106,96.82021417895699,-132.20004668588035,-8.818100642462518,-38.236074137058665,-194.2330565759225,-95.39848770241365,-117.58316158949256,94.81239673886577,43.576552469380324,129.9117968840398,-272.5099025240943,-83.15545117021995,-105.66254906886633,-18.903496969913782,-65.7560114379601,-29.01663523126222,-7.325371746455026,-178.49584614925396,-98.22196594428962,-90.7940382463577,-69.77197686186904,10.943689041994453,29.479987383242957,-241.41346459607257,-60.8952806606643,-51.51164116709836,-1.0622080037185846,-66.71096186432433,-24.88127601323329,-47.32470624876799,-15.414903339870257,-78.71292506574142,140.87885859662947,16.990047351731565,-184.12764061972243,-11.694037188201058,135.73284091853606,145.18997329720227,15.264032913657879,-52.98796126031801,-74.56146941873193,-81.71864655824079,-72.08712368099191,-70.22310039306078,-17.180218038430123,-24.718799452693936,-66.25485678424911,-46.78991575185538,-53.6424196074967,6.7930055227448065,-35.10315526229693,41.324626292101414,-79.42055782292202,-123.6765461275171,-53.52577925874907,-78.68795713920571,-50.38445061107829,-77.1377597945588,124.17134735181983,-64.06602157876418,-61.444673785050526,-188.9450511164,-16.83367914964766,-42.502998348390825,-69.09641554103388,39.36720547050041,-100.18977201541662,-145.65681649967308,13.343219855899804,-71.12631368474868,-30.822892666961813,-116.49130823797815,3.675318835379258,-70.70700851689554,-88.70974393624235,-37.102609845724004,-83.83726071231709,-37.4497990017356,38.99379872365623,7.13422899112139,-55.01590101704367,-5.605431581226576,-84.72608703367193,14.196650063362505,-47.434480164424265,-25.25768641163716,-11.592090024118306,-38.30817770750469,-74.72637803323607,-31.474980026304664,7.321731690410267,-66.52650780951166,-41.6457768886947,-131.6734989831341,-39.282730830754794,-71.53227901298968,-19.53379187230395,-26.22171459947126,-101.21575346263958,-34.24392547096947,-129.35724465899284,-44.69491969816808,-71.77432300020689,-42.00808834469682,-75.90441210436211,-77.02962279161017,-104.18124893905429,-41.36123458565611,-46.41924182182995,-0.2897120768952064,-89.45942055834581,-29.738022359741308,-68.55084695126203,11.78860747279306,-102.49186509129673,-18.79013410758848,8.40134342108334,-51.8708122184762,-23.644349022616957,-49.1401624207354,-53.71575628578933,-59.48797254633941,-54.379182683133344,-62.03947056182054,-7.728968629085017,-134.5414476472569,-110.99023049433451,-41.56335816476889,-69.1952365882724,-69.31374829916956,-23.45994976513542,132.604192926932,-39.03229052351635,-29.166435783404104,31.557284735333198,16.114149165942145,-19.088575226685464,32.399408072576165,-37.35340102201054,-63.257667165961195,-107.98785632596855,-85.78035216548139,-59.214889164984726,-70.07490796280894,-42.09913605106229,-30.22497226626419
i2c,-30.568549647280356,-16.89505986887968,-28.482038765714954,-35.35134834202765,-41.24511439461644,-42.925809343124115,-13.241162775993772,-46.51904596976938,-82.4333131418173,-15.003045772804843,-64.3160382173343,-40.055064899069265,-32.87307905576563,-27.410951957833092,-54.84598910448501,-36.688420660390925,-30.419354268212068,-34.84470451269139,-20.640707274916497,-33.71018666739007,-31.77681372113481,-11.656024099314909,-46.572067815113996,-9.399326409810907,-40.98002300180397,-35.042326796872786,3.563310966346428,11.16143648998402,-18.143897777480888,-14.155823818016275,-64.45279558492496,-21.351896702873006,-21.853713312048082,-15.93649948477454,-18.48748938097775,-21.362988742189025,-14.710248381355829,-17.31769978305887,-44.011087987465814,-38.25296508698002,-23.928862212217144,-47.204278566498985,-68.02794030241313,-25.938785799036577,-18.142115291721648,-19.25096569745101,-2.363280714686266,-2.7124391646173587,-41.28601419908786,-43.80915167898729,-19.358775011297016,-44.61824624280173,-37.308252784763575,-16.39923342123742,-20.221634765105765,-31.58439571285693,-8.686406107038689,-68.39341087254432,30.024560422219807,-12.56119066158548,-30.253702031189963,-41.136570965820724,-46.62296319169915,-0.3819924122896472,-14.58350684022469,-28.195296197495026,7.018116327550395,-36.11900967779184,-36.22624457507719,-19.766297890916004,-30.95847337845406,4.142963770461584,-49.78616346302928,-38.76088846367637,-7.988387290882631,-22.768458867488036,-40.51748496688668,-48.191331422095885,-28.948505721037606,7.7323169120075255,-32.221837813329,-52.88036636681851,-22.965712376715953,-20.017988954489088,-34.98827591677262,-37.932385100825286,-25.90242393401149,4.798306444904567,-19.508455834609506,-63.97007984708145,-44.082277543233005,-40.71148027694384,-94.36727213062693,-39.644397797157296,0.21324751010178034,-35.82589953678912,-17.933872938264482,-26.247976050187045,-16.745467762928936,-37.62552078245773,-35.374224914663124,-54.151401929020025,-28.1871048535694,-21.987925059249278,-23.125616811367255,-40.20115195069914,-46.79947061785393,-10.46693531026007,-27.600699516364152,-13.189168959695898,-37.5635911799648,-35.283787920292916,-36.71132403092159,-21.072394019178347,-20.24189073451724,2.5888051576860356,-16.623922941658712,-20.002860775521633,-8.312906590841573,1.3828489152279992,-27.598785536483472,-51.79203078705905,-8.180797534834658,-4.504993678489883,-42.62605624681586,-33.29552558195773,-25.71747143971477,-30.569048936312534,-14.819072016169677,-37.6595142944401,-14.853945914534389,-38.49305229731124,-36.68449300068018,-33.67824578259397,-19.91011711628871,-48.053016018018006,-79.69383009050951,9.341583051975107,-9.171247630079638,-3.6389757949619046,5.902130500653579,-36.51646468472276,-8.514014345029857,-32.984239139104346,-37.204962554060096,-28.843272102835307,-27.7713705581944,-22.19398360309893,-16.249878499984323,-33.49989771641172,-26.701484013959643,-19.241879698670264,-32.37110845680503,-35.89236426516953,-16.283523226698726,-11.71306018872287,-34.66998483934189,-73.46299156397701,-10.992073289421795,-40.07278983639999,11.666168125536888,-57.04923702976188,-31.211925668712567,-36.37649395540729,-16.236423291408894,-51.5110640444017,2.452917975821107,-20.03961413942769,-9.875053226964297,3.261478438681637,-21.973912797787452,16.938965741151645,-5.5237752783372205,-35.396875335073545,-25.525465163263746,-16.789203379365304,-19.316840056825306,-9.902425371008107,-20.95073626356576,-9.144418551280562,-34.948938408741846,-8.702228770170873,-10.384618666156857,-11.820114722232208,-7.873509504595162,-70.92124374678546,-9.170712742561633,-7.897764347988401,-2.819986256213557,-10.046568371033944,-8.136421569857927,-0.5246085481699341,-6.686460824805602,-17.675891969300963,-11.487695172362159,-8.895840252911984,-9.1507982433598,-9.376245252460087,-7.429181080857754,-7.029192177161859
priority,-39.601826944568124,-32.291813343560484,-33.37020711206253,-53.25442264481505,-13.58747057556052,-51.33208523472348,-64.59520177228444,-107.44009949768183,1.1535948281674777,-170.7964977714205,-63.838278032539776,-54.40644850773538,-68.56320918390716,-41.992423580907456,-42.5704778275651,-63.59265891796568,-11.00184233960238,-42.369146413021426,-18.626906741881594,-171.11968343133898,-46.00023104097245,-63.80119425375047,-87.78746268393816,-19.8768061251098,-20.80638342918005,-79.52775782960019,-73.14239623348749,-35.24148287417257,-82.61039891384239,-53.63826265797347,-62.77857133563794,-11.970959100426594,-56.80024803922679,-70.59196113391612,-51.07912806437261,-119.62388815940996,-28.765847079594675,-72.51132768528365,-50.95630740211733,-79.66731865340489,-64.0118045841444,-44.63951976870972,-77.6952503028552,-51.49206533192551,-96.42394472296797,-96.05896765832728,-90.51992507749432,-108.58474350366913,-31.68486174740929,-98.46922867432072,-45.389451561326595,-27.3918889634097,-21.307106302497715,-49.25073679053584,-38.516546272375024,-44.06321404844749,-67.21505623505304,-29.441718692367797,-32.16842437808139,-91.59103677954457,-55.60843575508945,-39.35453613568578,-61.77103178486515,-36.37386697786055,-60.591315148229285,-37.441715198255594,-31.346686266041466,-61.22904921820692,-38.911677596841194,-17.084125626659603,-31.226575019766276,-59.50448825314508,-30.729284344790397,-32.74480580727503,-26.92875108662214,-31.535654715229292,-48.15449379110659,-34.331163977339216,-20.825897658931574,-72.26403591987312,-54.42754610249206,-38.44215508534327,-54.70527615298076,-40.42624350162042,-41.98711723356974,-56.73472725782879,-38.56393789760655,-8.621612661030039,-43.622818097523876,-41.017161961755505,-43.30118771637727,-49.95923055313124,-40.53641025667487,-18.434649219823527,-38.88684737053843,-59.9097176605091,-29.065878270489065,-32.66272379107427,-24.72423221078403,-48.93620657635968,-40.86896338069279,-27.954201505868888,-22.61714733457994,-33.97305751506296,-21.073410836058752,-55.81200331835659,-52.39342573560198,-64.77791601905027,-29.086880350790505,-29.085219692702015,-51.33069977290338,-52.118877416078476,-25.04012762405065,-46.10747076186399,-28.260175922863606,-37.987803464006845,-36.31011913052153,-24.73886936681549,-39.738093845270576,-34.713998454135066,-28.86769639839747,-19.45656421563189,-34.159036782895264,-54.24299872676219,-48.856577743301045,-43.16202679695874,-43.97728841116062,-34.65358682971929,-41.82339932523927,-33.60638289684332,-47.690786529043734,-44.29357195860758,-39.13726166728345,-62.593036258313276,-49.458417620065944,-46.84794655978094,-51.535344085477305,-45.46981146304891,-32.690046362493106,-46.52450627185219,-55.24549683683114,-44.8526579761235,-27.05438035802228,-38.81275342362247,-32.92572959860754,-71.06776546510531,-49.8879162112568,-48.11715946615695,-36.44250241605464,-34.83021642187588,-33.440015602369286,-52.55063988730892,-37.261085421137636,-21.898493809958968,-33.98456487505751,-46.87424389157924,-39.28272279273418,-34.88064057433306,-36.37212472050644,-32.7838590130945,-53.58817340282856,-40.12674560709648,-42.366341329705904,-35.378715846435554,-36.68173390218116,-35.832628600928345,-34.51824650566776,-29.66662665109611,-43.4229004333304,-42.01112652643012,-34.081258662584474,-49.72249334161992,-56.09386994441504,-66.84787966860351,-26.534116698356314,-64.68068232913888,-75.1855786351101,-42.194977502698066,-89.50577538289622,-23.102909823889533,-44.97162888712516,-43.554464425099425,-59.25855744149477,-75.96402604806666,-78.54463747906658,-41.9074825485789,-65.36946807507123,-65.48175272250043,-38.96479823929374,-32.462311447634704,-31.96746076276249,-37.067983765603884,-50.38130427101446,-28.52648532031335,-31.225742168161204,-37.47701719829513,-38.6236117504785,-39.72761669172313,-41.49085420472357,-39.745520109870014
max,13.223369898181145,-4.029457796475338,-0.8981997152799894,17.21422709391442,6.123046619852629,0.6413890831856097,-6.119875999017328,4.972829747176151,-5.709198554383911,3.248508468530362,-13.70899088760223,-7.310097554873245,-8.089232995208002,3.4037709307394692,3.3044540174890673,-13.162063500956483,-17.600827821049943,-1.376983206438993,4.020148216026704,-7.857825926362756,-28.898600644258618,-3.2234789903211545,6.580148283943245,-22.317684189892084,3.8809701760359396,-11.164297208710256,-4.440365098314356,8.948227309876641,-31.495751396132313,5.4759287130295355,10.42066800239394,0.6537825561389821,9.28273844498286,-0.551937635637618,19.468866214176014,19.45751388795644,-1.5137536557927191,-2.349750024807758,-9.309479520790823,-1.3359144595540995,3.4625641891609495,9.432535204660255,-0.7789389900871138,1.9654810806738947,-4.044524701170503,-0.8110356521639397,-1.2261282928593058,-29.394260803191855,-2.380310404469035,-6.241352396537799,-26.317002812160588,26.45054455602491,-7.070534291088936,-24.179604416891262,8.020218563524944,-4.154263267565895,5.731594424715341,9.159066334596371,-6.101671226473279,8.925948693772256,-5.187489784936739,5.035379187013378,-12.080249168704025,-18.596772422412595,-8.296765703238101,11.117198021839837,-31.273012361741667,14.128961617857167,1.8401361122524058,-6.885311402199143,5.679822903654914,-2.7597697141814503,1.5410904545412425,-7.53453237470997,0.15517107576901257,-5.338679683333988,4.8169949781548524,-7.408106358926062,-17.269777290601446,-7.200567299653697,-0.4904136757409767,-3.664207935965325,-8.072965382501149,-15.126487947328132,-7.335649995197268,-25.374470768227567,4.413058583567806,6.136093654702595,-2.2681743105940617,-8.64795783050625,7.35272057130722,-10.854417391791314,-3.584077639874593,-4.63889815621264,11.201773120976403,0.25841256282317504,10.391542010772879,8.137942467093525,-14.58718616582818,-2.3084441083399985,-13.785869687522876,-1.9261671675797896,-18.933683037654795,-4.5987862274649975,4.257870512746681,-5.5300757396494085,-17.468053066220886,-15.696507894882432,-15.345720780448978,-27.366828587401752,-14.632620352222188,2.423407294526517,-18.931474081104398,-12.21129043572127,-16.06328875794555,-12.147772053567724,-0.9465236085806874,-14.37120022658135,-5.781397302947821,-18.316617341978713,-10.135664092795672,-4.6893305921552155,-7.686919457160435,-4.018614583996603,-9.362232769113115,-11.4656334465882,-7.922886569114082,-10.587062212906364,-9.91638563597471,4.039628762851955,-9.69375783905848,-4.000032163400921,-12.977625123498411,-20.889819149179964,-9.078553373511488,-4.0372472846661225,-1.0454931633350117,-3.3513402259505187,-11.570887550812982,-9.80127257898316,-7.142720309821774,-8.124419205124704,-2.6904283253297328,1.3339221727724881,-12.368669046718916,-1.7532877741888302,-6.886661250951777,-15.639207903228248,-0.24153766650431052,9.424562755633733,-5.3996576740476385,-3.752888903758743,-5.226344743794763,-2.6422164633723515,15.281892842869842,-3.343537353467669,-5.474006271431035,1.8889685777345027,6.7234973932292394,-6.202648858430264,-2.01878286815176,1.7591659171881986,-7.279725990235656,5.034788510018268,3.365465519953055,-6.631324272150273,-8.572789329153826,-6.010557480511432,1.876381648897307,-1.733175303840123,2.5310702236859375,-6.361146237719316,-4.608517611625491,-2.220664311723156,-14.608877125966224,1.036115920299736,-9.372157281674836,-11.806847175441803,-2.1032009431604224,-7.369002073818906,-1.7991244487940752,-0.2962473358629536,-8.28857633752527,-5.78324290784399,-11.654086148724815,-7.993514949640538,-11.360508652781753,-2.548066324609831,-5.786756860398054,6.239259754618003,-19.78254075005541,-11.990576052282002,0.08881947418596026,-2.5326844338341052,-2.600561877527357,-2.7726919930500147,13.706461098627889,-3.975885587853305,-0.6438917477033659,-6.444499771763258
int2float,-118.66217114507036,-123.3656670939531,-99.2575633395508,-98.54430180510144,-34.83867747519065,-22.574423086873253,-61.780225656776565,-250.0291760935795,-491.7650324735282,-351.3047207673835,-176.34713803647267,54.933007517830305,-68.83373806984197,-271.58620510594153,-138.38640303771922,-145.01224540773708,-197.07542553402106,-39.96770260988933,-413.66947906632663,-216.18521066114548,-87.89489539656878,-70.42171637041794,-81.16488773428007,-48.292104581113165,-148.9157199341956,-40.59019196314111,4.052150266234548,-14.683175039008118,-45.003409984013814,-117.30337259793433,-51.60718964937145,-77.47257899253499,-51.689998648802174,-21.00050305133146,-32.97128623315672,8.768414563251554,-112.24152617961325,-142.2884289026383,19.978706800417584,-123.26728796724598,48.4050625861955,-37.526267583071444,-55.64687143255311,-112.69654657899672,-179.38631180296775,-274.9320725110104,-55.37232044336558,-197.0472300604305,-21.274205912715104,-112.92906866170325,-84.5288289929827,-27.148883602849523,-95.43476406603519,-53.26427375083199,-37.574393131778905,-56.46042635539524,-113.3666234551925,-30.45216466825562,-209.16897283483814,-51.39346364675873,-67.89487972315732,-51.04232743138208,-167.78688488441844,-74.99535692437242,-241.68176605884707,-36.20653580660516,-128.26694506186683,-21.637307239929726,-39.204852305041356,-91.31909501858962,-29.39270390638441,-12.880528061472276,56.79395606229686,-60.753850470979835,-5.146547426551269,-71.07481466122044,-94.7145401772178,-21.069273158346228,-58.05000026079303,-77.06093151579495,-30.769730779211987,-38.22084174874311,-30.79754533952503,-122.17545572160475,-70.43839983365552,-72.16786533566534,-110.7311153386141,-63.742018502537974,13.492998362497467,35.14298777669316,-47.11321869516515,-31.730308503685436,-45.873128884610566,-8.614976278807593,62.28880737573205,-35.63896595602928,-108.42066969646861,-130.43726021046453,-138.04506283861718,65.79445651756015,-235.92976554651938,-22.694515936106917,-86.9689157885081,-59.576207665751575,-34.0240857030623,-27.239362768008057,-55.87782844337496,0.7277822826198737,-22.15502470352235,-1.0208162970886523,-90.84774456958112,16.67262509066417,5.53921609776134,-53.50533276436632,-53.64317443683923,-54.77584643101969,7.807448803227739,0.019774210708927598,-19.677647337051724,-54.117363679588664,-7.555798456440574,-46.252794698915956,33.951608981789455,-22.08408583429629,-11.689449064647086,-72.60422812454252,6.43562352349463,-7.15673919995351,-75.21626716982335,-3.9981113347505755,-77.1211323641831,-12.679413023446553,-24.737294881971962,-11.437069219898799,-42.01146593266621,-2.607049895511768,-4.785387825041717,-38.91103721848094,-17.458824428828333,8.776524201457384,-6.851865859555421,-11.31902798110018,-35.192361815208855,-11.790604082976714,-2.706227661206743,-1.6579772156602104,-32.658520408655704,-25.79971858479487,-7.247777835820386,-15.410935364376268,-15.276304422338065,-30.92508853666237,-13.372206573913086,-23.7678099818998,-10.125326629187175,4.739977178748347,3.495654611964248,-4.9048544737756075,-7.717353708966996,-36.52655503679448,-5.266256819752002,31.98144961156963,2.4577691626926548,12.312234860427143,-31.09262060277492,-3.395682758003545,-2.9586206332509626,1.0591653399011633,0.8822223048139897,-6.337188999898654,-6.812836912563874,11.363992274825936,-2.9333193923861565,-4.482859424637937,-4.924822271941835,-1.9900987505931305,-8.675635681231814,-23.649303096461285,-20.154777249181702,-12.047858443669604,-6.491561181094465,-31.299484529201,-19.199461192819175,-5.287573433187916,-24.245937819388075,-3.2122391916630058,-2.6800243813462075,-6.424795725186218,-5.170036292947355,-5.117730034312352,-3.451747748070755,-2.6352562420733747,-21.80948022399117,-75.33266102238564,-21.882597566611505,6.036872231406662,24.832904301998887,35.99708237518491,41.16497807269667,9.083671214083537
i10,-5.6074895780909735,-22.053684161528558,10.752356540894482,-27.028055446172033,-18.644420679921488,-35.54652617181286,-20.328554448531914,-21.71572926275117,12.815863505519594,-8.861066154019454,7.238472607469115,-13.436258401651264,-3.2683104259353235,-11.255115642134882,2.802391536970733,-15.040913082045183,-0.17651372265823806,-10.701780237091954,-7.744491109872436,-16.93279532852865,-49.90821232459607,13.487728139448073,-26.566740184197336,-13.26196647231931,-2.794593488598172,-24.853464287448784,8.064410930439793,-8.717322756020216,-10.42678980365225,-32.28668775045983,-12.475998654440321,-33.22356162801698,-15.90613245239546,22.014945351700838,11.85009440381881,-10.128819668832598,-11.405396149274903,-16.211372359976643,4.784056345341249,-19.97248420595717,-7.154139346018335,-12.820599507618553,5.628237613478344,-31.790037980498763,4.663975296460745,-12.036193427260674,-6.317065121412157,9.26166401232008,-1.642456528270845,-19.159378957408165,7.775662378248416,14.78185758811095,-4.489553307709665,-8.1276519247671,20.928685209026238,-7.7586838089459444,-18.50602560388461,0.5315320933803445,-7.192437658684966,22.167992325140787,-23.832164919359847,10.677634019459077,22.35746232207054,12.318239760458972,11.36484815065776,-11.267598897564827,8.693894085312238,-12.639302111783772,-4.143505711428823,19.694891783489467,-12.895265614227885,-9.782056847232488,-19.707760921869895,13.380627171625669,23.854642515774643,7.662014923424172,1.2903702417919618,-6.180208123167121,2.93485659782784,13.104231747853527,-6.917106138349803,-13.115455347441635,-19.98671009693278,1.4449958382503585,13.61606542800897,-11.969088285825638,4.12203931029792,11.677647821039681,1.330137847722153,14.489568863113748,6.463884027920482,15.010394014898294,20.145151723124552,-6.766380151051912,26.958639331574854,-15.045702435767334,-12.012921910881559,16.411765636343315,-14.78536511998374,3.2586667400446956,40.54964401710877,73.50945436244216,5.68197609788516,30.71367574263596,88.83939089113188,22.180108931713477,18.10814792998587,57.67595549273216,45.97272555484912,11.296087287884838,35.30697687148965,60.15396942672841,5.15621364672414,49.49907453099101,83.632646293222,76.05230935906783,-9.731633122628438,29.698523952920873,35.26922667000591,2.045850373282155,10.610479211443273,93.12333755604644,22.290285599654183,74.64201322521973,63.33432544196579,74.6680243228481,0.0662894952708939,66.4187590236423,34.846582394139254,0.9070756452541859,82.56463695519636,-9.342434601219514,50.40064900511582,69.37572048141165,-20.324216739498745,97.10990540613606,28.908535874149603,13.76890713736282,34.99970327607957,-12.317093789075413,26.385383636905935,75.4998692104253,55.797607595473124,3.94362229571403,87.15171514938922,44.03382520005967,10.417773759135095,45.17816335374394,62.923213195529314,45.69230856077544,18.062422326263974,20.98971618040332,0.9747376742528702,10.398317999633054,32.37122592357062,77.60098144654461,53.764416311992136,39.497333155200096,43.2370540628695,50.376941415734336,44.55443362549247,77.96523871921819,104.21337738567263,35.57786576625574,46.28969895584457,54.669553880036354,3.4916581779681586,51.93351424672221,50.24968908837468,119.26936834705495,74.52858179153395,50.99069466132998,91.35722170716241,42.92340928304127,75.56859709331192,130.5285342358038,126.30712046391574,101.69569740161052,1.6079308150360987,41.84196552112166,31.96896107374962,18.25688964255509,102.40099436373829,84.43496638144549,6.43223627560732,23.905140718211122,58.48668739129451,25.755571375312755,72.29299380902768,40.82835822039562,35.71468632491972,45.53705441116952,97.58844534885279,-7.231675345128044,23.56581576169286,41.68221114737653,-0.29243349638616234,47.922915002685784,46.14995218620441,4.2384441501758
cavlc,62.555141569344336,106.2023826038837,53.143894797859026,-51.42205490762193,-96.29934762924952,-55.27827156633148,96.87638501993581,-69.10054777394723,-131.8921811767936,-39.08305216898724,-6.920497525246532,-41.33570024719834,-39.079376201424935,-21.50147208119293,-34.654722407038975,8.831773525194736,-94.37636461122716,-30.919777643384755,-2.0539146746710415,-21.776201576904306,-23.641122850750474,14.695264402823984,-24.777384338158992,-4.923240363977634,-17.469520999558064,-2.1098969976908224,-26.715200098634384,-23.13398529562555,-45.46682422252053,-41.48323602802986,-26.867699161479813,-86.82048696342139,0.26376502964903636,-31.470041185053702,-21.45516359642442,-39.968248750099335,3.3317144838331956,-73.47866962343863,-58.17864015518674,-101.05945676028644,31.8028002184564,-21.497237438626826,-11.04979850434645,25.494765840809407,38.12114523246125,80.12444968162086,72.22664560653493,-12.451417245237735,-15.308509520064407,-61.99127054185527,108.21324946537587,41.08673517283964,297.144080875421,28.408007807390266,-6.0779008908671255,163.42085828894943,89.39331293105029,27.039315482447364,105.55951835607303,21.470797373592152,116.5252602058377,97.74702550824978,87.50998242076449,117.2565398830229,16.408306935601047,45.929944025933466,-14.052321597921706,60.83703052480382,-30.02637135390374,-14.607208577460007,71.69965595085877,-3.85605235951798,54.6399986756832,77.22736596919701,12.2917557472845,-6.706334225005554,-8.756998818263508,25.78815362488408,34.58783001631464,71.54741850207522,31.534699886211044,10.290166646202731,32.50183406499813,31.50496858233423,-45.74697038434,56.54527668774597,66.01993418704795,9.98376661863091,11.616364933882139,120.07088043373342,28.63243073500537,46.35844051402849,61.654462975593766,63.367442503902964,175.66402545297268,12.978720359670117,37.02844754685644,44.23508930124527,154.20033136678595,94.01070126481756,161.74350490093377,45.58167441994682,-35.73281190084959,95.50399809583857,37.39089958468833,0.1997545008478252,2.638605996133229,94.98008306284306,65.09500485234321,54.90398908986586,-6.971879296236876,74.21993909996728,148.09735379712217,-8.970116975820051,69.96580342814138,29.375692979457227,60.17528801523883,0.9705291846474964,-41.51454275054191,6.399317016878339,7.671646018720594,17.738360376850615,36.26210229532748,6.349760546569523,151.60809834293843,119.5584050938559,6.477451208299815,9.239739227684247,21.813875661129018,154.0943906408153,66.65236882667082,-83.22091156256573,45.822718615731006,20.287393424914917,-39.25268438998742,14.2412953817284,37.60311841421523,74.55317367148052,44.80902621548917,91.724085097404,37.885420586033256,17.363170166099348,100.38433921338641,96.90681012974524,67.29208900344655,110.94695038996144,46.114992849784095,31.916452415901304,86.64832792464378,37.20607682440773,36.2516448450085,83.9378845303533,71.96436952780235,4.832694591444197,36.76627598050463,122.85567594779494,2.637683376446894,-5.479280834283436,64.45664364878246,50.58873716254312,142.25142173339245,64.69276186914672,97.46689901422191,86.91432693437655,-2.815652045136394,47.57135516697674,-2.4650539333294343,108.58694134980716,253.60341911585493,199.36892151960265,35.617613106326544,60.887821933730365,38.07440049407576,48.05614494560036,26.065973091453486,-13.780782813483093,-4.3932055878459355,26.80460410163105,48.65730341564319,58.44002166031759,-5.694708906900097,35.73953497196635,6.827923783819044,29.730165788867698,53.374114232439986,21.47206983679854,66.12188069167223,14.505646363071437,48.18382491278262,20.986868378590763,28.678821684793206,1.8031979328992733,11.328716965596982,147.8472102283052,67.37984520696159,203.01276292242954,115.98749979949885,37.718719822451945,47.114879896911866,103.62710765560362
ctrl,69.68855559568672,189.73172058859893,85.88905854430877,67.55254337907667,73.45945048190134,38.1935865378435,70.82457637444004,273.0820636733792,536.539105602971,132.24828185103604,209.1675978843395,-67.51874845653614,47.67107474469408,12.191355392274847,61.568103002688595,42.88294398126004,70.21546438200282,69.68151428227543,67.04781986324375,119.76875484786913,96.93364443826628,46.20194513335909,33.09261354673025,78.14914712198046,38.57672908031851,69.09189781209874,84.26340825677313,14.54379252450649,3.6874195585816274,20.65365202758876,42.32141650749435,100.50096505078727,19.752740688960117,77.64955230630383,118.5441568741997,319.3431174188688,-144.68262580671438,182.41585667899642,113.7960541149795,-7.492096877555934,-7.914387533468805,5.3716305196323795,173.5022822861007,261.75668958680956,41.251084495970325,-27.96308231814896,235.3299552142921,172.05434015679722,66.88111977935309,80.36435739074703,181.63038025040998,-4.834829980578952,75.65662264878479,55.37652736571475,215.2343008383418,-64.28886899580249,128.2121158872942,27.07219370957404,-25.3384669466565,151.97549170534793,119.64146769603363,278.34064120790333,116.47809738413186,61.6419884134157,44.06200390475961,168.6704884735284,75.03869982533547,58.851531441434446,56.54619548474747,72.45756602413492,25.02062024204645,95.89944733029627,79.00426495838362,3.827945864187317,146.2166307093246,44.606652280800546,81.63862877446032,85.3225377047756,82.52669346862328,34.222010398408635,21.66925833259616,25.503889370734075,87.01856655237098,11.155949206723985,82.32945154230933,79.0617219113424,78.33510408917775,25.238087623094298,106.32758290735697,26.486356039506493,97.93608552651553,95.43715026521646,352.8929647107418,305.4657905884947,52.72917451676622,197.0262304874368,80.40252675008067,11.196715505334204,7.230824638266327,78.20299385142259,67.62887177904442,121.73510272779546,83.17456706087134,7.685644882170816,156.41681397390897,381.55630651786504,303.6007988515815,80.23681773629002,43.73482381490584,216.57207886727787,47.360875572428114,-2.5823927446093293,213.92962996554976,-102.92998144072025,221.5123542517834,120.5764804513474,324.3476211340776,189.75026409678068,66.60377380389622,50.725010765771195,82.86073955547188,39.60992897923519,37.47138136063367,45.96981817595183,41.80761504753603,92.0723152178179,91.2128767928553,70.31686370884249,33.161914683516535,63.65952377874903,81.8476288519161,47.8440008022157,12.764644004869925,17.823922695307775,69.20593611253622,89.04425418327351,86.50819794872075,327.9812702682005,162.19238421782194,199.62983571396262,203.7447153065225,245.88070962584163,186.39878183088257,44.45513203100283,75.17102104501646,128.52364500087972,179.84980446429338,313.43557555552826,61.07409149949238,63.69324911882728,18.645136653172216,76.30592454597227,70.3999141892663,138.48361775177722,47.25640135583964,32.513727881025034,36.71401802816234,75.4725138095573,32.24316394579088,72.89584936992898,85.91796460624792,41.55691554231666,93.28878370993867,66.78727916212026,19.049211723127744,32.15083923121081,0.7308187909425676,45.596368093638596,119.08687288936416,114.26696033735628,103.90343969156689,81.8747357006056,48.70093329635285,25.63379740573018,247.09000756310053,108.97023102868647,6.947221771085999,77.68747579285333,138.53568150872752,52.6083710958043,102.03028287400376,20.938154799362504,85.04863659238893,47.94078239474929,82.06879338315532,153.4246768735693,13.323421536815673,-0.5204631875259835,54.60791814839489,73.86370480419941,91.20586281246666,127.53428774501178,102.02006269138093,48.93641609695824,88.66495117044664,147.41825653587347,42.37411365335975,72.5677951266934,100.08634334372292,76.00072540433655
bar,3.7051332153510357,5.673124409279131,8.537098566330439,11.132630932198294,29.04735406515778,-0.3557305527278364,1.1413421100544439,16.388684771062433,-8.860581288961864,8.30780652712495,5.462219123686179,10.823858735072353,-15.432091907828614,-3.396868746906099,32.42770894242211,3.1672358501414895,16.98158004280286,3.6293664407941377,-9.939775445770232,5.428981110165488,4.321683266585607,5.375924266278231,17.257309168994656,23.670770489172284,13.94624983865338,3.8610878513150415,27.685490969326576,27.844550209211345,13.504568939807154,23.474884032507653,25.530715072573138,10.918560062174503,16.875708802775133,12.268758864301118,-2.324412557093602,28.222888420316302,16.096078399813205,45.28434801979273,6.534589960579897,15.278503994518056,29.782961096771906,4.255577794645925,6.349708137239553,10.83706255043383,24.933092297758193,7.71879045260202,33.215239507438454,16.297517325242644,4.923343295093108,9.472340790179254,5.588728530645925,33.6167672946937,8.995167440130315,17.88505478450808,-4.287377777299191,8.000802724048341,-4.598576758803148,32.11253744623504,27.494335004342034,14.559415736556266,60.653565356501424,24.60570639739562,27.469153935170446,32.40471371809989,4.424297985621823,23.182570919131816,36.315658726524035,7.5686566522664975,34.636789390747886,47.253105494466666,18.577227481771153,21.339279389669095,18.173233173395438,15.173893801259334,33.14731773115817,10.52501162010897,6.582193088428424,13.213586683685596,14.967330045205493,33.68825809005517,12.251397056068376,48.655318857323586,15.634394475057343,41.94276224426013,-7.062623206475822,74.42930328674105,42.25944569986319,47.01259245869431,35.9615958267578,11.82887617133629,14.003349321648848,41.45104753123993,31.608297730044164,42.29757695621708,36.07367404683828,10.800177924612672,32.9536472724337,46.351626702158406,25.496115993654758,34.68101019783181,56.29519133347172,34.84292715507321,68.30001275635925,72.05448525403726,17.83470431227721,15.842094427150556,30.9479607751818,23.199421560190423,42.443945495589276,25.891967941624564,31.398701660128605,24.993597006474225,55.553726109211674,25.47500127743718,45.83513519723553,29.964936000159923,30.059747034316636,47.7929713717452,41.68659156670367,64.02714454721522,59.21462386248612,59.48706982243341,39.71334679729585,67.22804044663542,45.86377791167191,3.5276899254716327,15.211076644393358,44.0874383120904,38.86473342511274,39.00940118546183,30.900856204222798,24.495176491783365,37.223528479204916,52.34412754330218,40.967779277095154,50.30796393924676,46.34305355317423,53.704003648152245,24.83080909369582,60.08447308458645,75.37332460712753,29.707554339800918,11.93621706361206,15.643088166798604,53.084154623502855,14.693479242280114,52.36980591569206,40.459237126214276,44.4886970133652,41.626044633974004,40.92753092308243,37.00879022528606,23.557491755556,22.134834726816447,36.959794857170984,39.270629154526844,61.683439507127886,48.61014394215922,42.02210812380606,19.74278554890655,36.19976390932058,40.25776602586718,10.171227606991026,58.78130368704792,34.492767739302536,10.660295992881409,31.515819148973485,40.636930928598915,27.106719606417148,51.0304979709058,90.0685871330911,47.4738014983352,22.927879562265645,15.507726066905729,25.11544949610367,31.292780846976555,45.20908771274345,53.26639469616653,44.02998181701744,32.64440386017266,69.96554445483167,17.642028887602113,43.150357695434934,65.50914154242714,51.30619442490914,52.48608587950523,44.61018581930897,35.97095363812735,17.543929371907826,43.88029809543197,30.70919793410417,31.92705653248004,35.518845785393864,59.18312098248463,72.62480910081548,47.85551055492634,23.354557641656605,48.18420039356738,28.732052167326774,40.08522394353248
voter,-2.428309070325394,-2.1372063148368583,2.660324717299313,-3.2396190762016808,-0.19071325367628483,1.41513289071454,1.8540078735880297,0.49922514205394525,1.085269272768183,1.379459335966911,2.160002816456915,-2.6162486198791477,-0.5971903679779759,-2.0119607006822937,0.8470325767928721,-0.6275050988504702,0.20239967009820375,1.1104081862592998,-0.04272122206583284,1.3668292624746854,0.5818809675430032,1.0620164628083115,1.9147600521294195,0.1723936292784038,0.5006433850665046,-0.7972895406369139,0.38602916776854157,-2.6252554443462315,-0.7964163930596018,0.734995381901022,-0.048197377740547664,1.2126084426064556,-0.2211948654210129,3.1449050346606917,1.104100877187378,-1.0501914187603467,0.5895278979196408,-3.4794823324568243,1.2931138098812405,1.4939874327814993,-2.3312551822367467,1.2755665374870393,-0.6681377463979821,-1.6497260880720084,0.41949668839688037,-0.09582921930677374,0.9189798758046521,2.171863096418223,2.214028935676513,1.4230577140738856,2.411230222712444,-0.09708955386884105,0.9795261267179408,-2.7422566130582995,0.3131795416405863,1.7705794738759666,0.3361256358803892,0.6766121152177853,1.875123908298692,-0.3395652586304389,0.8067339083705081,-2.2171269782083836,1.1383734427979693,1.0824758199724283,2.312992493348816,0.030105671471427564,0.7083620520364065,2.131117687268305,1.591658841128382,-0.320218269882001,0.608757169825227,-3.2345701790177346,1.5075704875752056,1.476813347605987,-0.3999861437864727,0.20307260475057948,0.8991241631348892,-5.312142359377253,2.1879567532343,1.8486963146074487,0.7978765720748175,0.2164183527850032,-1.7310742496784859,-1.0243663127704772,1.066688318226229,0.9514369837347652,-4.037738704248293,0.5083519778915719,1.4742017879291383,-0.4486158271559941,-0.16737772131091289,-0.4132023559731062,1.5041313984164646,-2.4073333892304842,-0.3076181451558694,1.2601903476334804,0.6394012085868577,-0.1705199234399991,-0.3377403960841634,0.28678983676831854,1.787786458413832,-0.22517143005784374,0.7033265866552323,1.8595139772394542,-0.043554393854717155,0.40775174475683135,0.1523073418764252,0.3678881088594961,2.7578335694943092,-0.8523053086715309,0.14492081018051445,-0.13330266649830402,1.6504806129912146,0.8224123850295598,1.7727252987181672,-0.892226186333885,-0.5826857304979094,1.012151812221366,0.017325022651732636,-0.07623053398218915,-0.19067076119821835,-0.003721010588010998,0.23066849641258386,-0.3993306079477565,0.569043990169262,0.8336085166460969,0.433880062442827,-0.6961625276471477,0.7430242953268562,-0.5235745174615839,-0.9301700054475244,0.9413608268641578,-0.21211398400135945,-0.024957343019864353,0.5556455363032047,-0.5170708996777572,-0.04908312040506985,-0.6233156336999315,1.4242781515030536,-1.0135660988834223,0.8744816184445039,1.4407320945792268,0.22994217264825761,-0.14293763496192757,2.4692587408225553,1.1998718207752326,0.17447693856752666,1.0784429173253105,0.4062954188382865,-0.2651139790682852,0.9544398816877977,-0.0674348753293284,1.5533678038853784,-1.4337145824488442,0.611521679691347,-0.04793109840328541,0.6714491916730347,1.2612087004697297,0.22604207662543674,0.49816722451271345,-0.7191294537515632,-1.4531910310540201,-0.892294752299065,0.9575442159673613,-0.5797649552798044,-0.7185062448108646,0.08836225922263205,-1.1939576361213111,0.47414043678128276,-0.14379601514832652,0.9171570162493989,0.3094466270562625,2.717536013325727,-1.0083870584737689,2.292478188097272,1.083057815725195,-1.6840808086081975,-0.9932266158975966,-0.6137579180486028,-2.923414024279759,-1.122758970698099,0.15974841161036524,-1.2538916654116359,0.1302150284501794,-0.2482123560064538,-0.04371925194514492,1.3858792042574435,-2.672647428723887,0.273419358070777,0.8242256706148006,-0.20722687107605287,-0.1606626600040975,1.911023673667965,-0.33092314170303916,-1.000868520459107,-0.18897700205773055,-1.4669161955873662,1.275044057386847,-0.779035064815272,1.4097335533531152
sin,2.541201025267296,-7.2486332947249466,2.3713188356897033,-7.220985312790951,0.7119230004483074,-1.890453137884713,-2.9684956786804313,0.7294371744242123,-3.4389488560693637,-0.42047058506552276,-5.178223818665288,-0.6032786675120111,-7.249262000707101,1.091746265756224,0.8189337780435011,-1.522101213592821,-1.7041706665494707,1.6813577035981795,-0.6640540812359629,-5.37033360859808,2.429067638354815,1.5236092270273818,-2.372916241910176,1.083273533844124,-4.6907305677255176,0.7650428467395316,-5.584468256028375,1.1132737496203293,2.0243416661291715,-3.1408593119557455,-4.617295737969924,1.8440756726264245,2.5588403421313513,1.0011642144457806,-0.9280002263753035,1.222272746608199,0.7289149725477675,-0.9802467471357404,-6.155963114150356,-0.63327629680147,4.931961039518896,-1.2950044801014182,-2.04431497262086,-7.248250651685961,-0.559639917081496,-1.8575909344521244,0.2990678894254673,2.0184214508375016,-0.14237781318527742,0.5779724523252974,3.4138642477257957,3.3444184797372936,0.12987027991811517,0.0019995179224785997,-0.12153301108133097,-0.9919432814085285,-1.1385146201228649,-5.090273954439925,2.3440049234914184,-2.3718715650827686,0.6416552150758645,0.29314107115449883,-1.34215714726865,-3.194078451459273,1.2732409207165956,1.52498896316978,-2.60174047776629,-0.6562537900775385,-1.2406927859001295,1.8683761053085375,-1.0562846281786287,1.4365304530560135,1.7709320609388444,-1.12223149372095,-0.5689079301749145,-1.9752510911297647,0.7603678377695045,-8.877827195051694,-0.15664637819949168,1.5228252237569022,0.6438530000590896,-0.9663472530127418,-1.751497320952635,-4.57914258007917,-2.0377259710221196,-3.270628767977496,-5.448989463488979,-2.9269446850390217,1.6095064728782593,-1.5269519951447337,-1.433431685774809,-2.1607451153783725,1.6323193683761918,0.6498601686959105,-6.336730830997252,-2.2327047836521356,-0.710618177431886,-1.7443259647592364,-1.2772494442268332,-1.4493563765488666,0.13384120777604752,-1.9054949756494803,-1.4961515291442917,-4.698405300199111,-5.025828427534884,-3.0129458382266634,0.17766948870979482,-0.8657014341820782,-1.2278463236359736,-1.4785389538050278,-2.101931616506709,-0.7960453915368088,-0.5485421583006114,-0.1084488073940868,-5.678714020844699,-3.6401426572640627,-1.367773971831241,-3.661612088688188,-1.7113241593556427,-0.7685854003877977,-0.28684492409810414,-3.7545647157340802,-2.9119045420399954,-2.836862585925851,-1.138138965765446,0.25785219463290865,-2.20289252808302,1.4121739425927826,-1.1038691268820005,-0.7713945725143122,-0.4491535091750386,-2.2865058257404542,-1.0297561571712142,-0.9118372050953933,0.1509649318590236,-2.11739361989473,-1.6237310129477587,1.3097957195579566,1.8522979105685187,-1.0128179866757683,-2.432009559547613,-1.6044388812612342,-0.695031307215862,1.0056661580396113,0.07912156392892666,0.6499763802141192,0.302182362039539,1.789658773781087,-0.8999920348444127,-0.4080174484307634,1.736008761570043,-0.17402659335974513,1.8688954608822077,-2.0134372837310446,-0.14089835242926196,-1.9762934476277705,-2.2569805197454795,0.21344729561963927,-1.5399500307232343,-1.592938242963966,-0.1270492518007032,-0.2561702319685063,0.9491820203148289,1.1183044659974162,-0.46117170446962574,0.2385166220604955,-0.30201943938124365,0.5447218110227647,0.5516562474880888,-0.9696424169127238,-1.2742429289220911,-0.780098243903694,-3.281319432315204,-0.5509248391761108,-1.08858091189645,1.7275427873954872,0.38282657964839384,-1.0035349299390868,-0.841997399556306,-0.8097203306292806,-2.078091257378342,-2.981539450696714,-1.6051840221773475,-1.0677341502249278,-0.7918728401679914,-1.0459337947460714,1.2129169356632379,-0.716519969850717,-1.9047720225821902,-0.5822878804148924,2.058962655739488,1.667032260006158,-1.956836032026517,-0.2541581909722068,0.8207810078630841,1.0730769767534294,0.16701071451531646,-0.3801710896644829,3.05188349032475,0.6350579125131867
square,-0.2920392929658701,0.13000583388264816,-0.10048325265375144,0.19584005677591892,0.02856452718672238,-0.18732440023447694,0.06565455161725611,-0.18161774760217103,-0.2172082634089739,-0.25929201531783796,-0.3041106691068422,-0.2692671274016756,-0.10928465044249916,0.03785148745975166,-0.08199615280449393,0.08129781781913362,0.041232110773126156,-0.07878320531089258,0.01971853790201157,0.039898379460526566,0.013028814589425126,-0.24552063860803786,0.04024195889772866,-0.1957352340134368,-0.1278530403318861,-0.0967083197301283,0.08965940493933347,-0.26269993522796076,-0.2095251360077342,0.10280260860596285,-0.019458007267629498,-0.002748318942217387,0.13423226945782116,-0.010390729377656456,0.12316452846750281,0.08900535448063629,-0.19811710027805873,0.055469490651821905,0.06207738995918973,-0.05402634981129808,0.15558460985852376,-0.03284094136632539,-0.23824373534275914,-0.11909977038050085,0.06037944086504459,0.11773321828530464,0.14453228588194744,-0.04889810785902593,0.03883229672426626,-0.11862254196477293,-0.10903205904232299,-0.14677699520782886,-0.32498939660589504,-0.30262730795387216,0.030788401947008763,0.01906434618506088,-0.25533463171902643,0.15331781223061,-0.01005663795361976,-0.013865443823268757,-0.07347788449368035,-0.16305754295021296,-0.04400552510477357,-0.08891143594741854,0.05547037198245324,0.06475527052711755,-0.40796213461814235,-0.27533289115367476,-0.07616468114934546,0.05125701091667364,0.1414686849460794,0.12556459779690257,-0.11072685838378563,-0.07836162638545671,0.041357655288567545,-0.1347749712541741,0.17098702204665125,0.03588723328427023,-0.24816799736079342,0.01654069470073237,0.08369903704540971,-0.04943774370033713,-0.5218253808348957,0.09923881776553975,0.07786816378632685,0.02328883395861865,0.04291790617808253,-0.21072803276940485,-0.05785684727858391,0.01675204376557142,0.09554532829374604,-0.10219641672383081,-0.252186467613802,-0.2557688979918074,0.0009600290407797835,0.023660647982036973,-0.032182389644396514,-0.16129059564981144,-0.046971580521289046,-0.06570084291017686,-0.10883185738616499,-0.029321351672987155,-0.11617246493214772,-0.10182423009485775,-0.03809890731375061,-0.019509526182953596,-0.05035549107484538,-0.13032958339893852,-0.1568199344434379,-0.04849204126383838,-0.10942516535835806,-0.0857853022774985,0.02534409501383149,-0.0575448520264121,-0.13209375170597837,-0.14156976739492488,0.02376287084702515,-0.09062375099872694,0.008648740544270048,-0.1155803042234054,-0.04163827723730398,-0.08985968709234338,0.030132916608704916,-0.0698713073131299,-0.04591435741081701,-0.10923322547596806,-0.054994372771467376,-0.05297030593212926,-0.17843614495207688,-0.007429012527422438,-0.025492067233685516,0.005324737650678896,-0.0024185309454372687,-0.1699375934708387,-0.030610403209428136,-0.16570175918000804,-0.0972623997898969,-0.031803103291622496,-0.048755410826799274,0.051747395142781004,0.28065616243422287,-0.11758224484156962,0.03551888908180384,-0.04602468603093786,-0.14062612580034367,0.05206459305554586,-0.006001269317652762,-0.04555823002853854,-0.15055130722806895,-0.07582691433346392,-0.11680087822364302,0.1791118308386695,-0.06584054370100034,0.05912656404386273,0.038567529972760244,0.0045129090132738775,-0.02881309968181408,0.05408636731750862,-0.04311561141391854,0.003442526134203608,0.09782994467060138,-0.059862638738873146,0.01909701463188486,0.11590033459386259,-0.08675269526901605,-0.30365376280830925,0.022436835528886118,-0.0187440184374627,0.1954501300525924,-0.004701145170676789,0.0003734735621840485,-0.09763801086548696,0.21095043553534648,-0.13259073498888224,-0.0903285588649528,-0.32675274680963634,-0.046708274242706176,-0.046041111761232684,-0.08088927735837671,-0.07870889582722829,0.033102272563358896,-0.08978205131662602,-0.13157532081732357,-0.003547831582707016,0.02207277001391785,-0.11599288040909575,-0.08519641011936127,0.03040045838486928,-0.07143796786427642,-0.053793054721912675,0.042298337935044,-0.04608085218936722,-0.03148109744679555,0.007405903397450654,-0.021607781139929637,-0.14482606345571736,-0.10601907313234343,-0.1456121123439736,-0.01552158232130673,-0.06381871258775938
