router,-7.627075178438023,-6.078481295298165,-9.611607373814216,-6.112181419348982,-6.6813050900883,-6.681089867275791,-15.692896134764368,-7.254342924237953,-18.565684495297283,-9.474208500460339,-6.327029508377989,-8.753853289102885,-6.188698100538707,-8.689614690804365,-8.345416775475794,-15.87358815785236,-17.134892579157817,-7.489182508058793,-14.497502852165471,-4.065651443480773,-16.260205945550197,-16.379526647074336,-7.048771090454883,-16.617745699492808,-8.271112340286967,-16.027728962757088,-5.0199479149250905,-16.08069222931421,-6.985098797561762,1.456290046344785,-6.983507012349809,-6.554729538756766,-6.366629638985806,-21.381974106045746,-17.24622177947986,-13.464095420187382,-7.471698378731241,-5.887521323648478,-17.093309940549805,-15.979496148611624,-7.940452166267286,-16.607120228263756,-14.0508202549678,-16.309265845624765,-6.987832424508673,-5.845322163562669,-7.480791151884288,-6.968328234099379,-7.949534840452031,-18.292720433454637,-6.79794071359477,-13.460361574867852,-10.665944187541985,-23.003311441898877,-25.078356113002634,-14.219582606073985,-6.913424043746012,-7.47554353817808,-6.977448219991879,-5.684100038200207,-15.142634587749063,-17.78453151243247,-18.24447277246547,-11.630447364659299,-16.49972905019751,-9.221951508016836,-7.9416482520792355,-7.556435482578221,9.591493174596526,-7.488056802158848,-6.533865996346732,-19.00237782764141,-12.189355471257834,-12.007714146237175,-6.737179813201749,-12.35023194195179,-9.464980757349197,-6.828100371274499,-7.612925018928491,-7.794705635167308,-6.477226429537129,-13.44990076161586,-5.625865940510086,1.6262955391509664,-5.297404597689194,-7.300487480448146,-18.23314509550119,-17.86022147438991,-17.219081561618765,-7.486739803159513,-7.952375208823568,-4.99975183141135,-12.522123993294707,-6.474882497629391,-15.828960302333666,-14.954494539937645,-15.544290833960773,-4.694780770295431,-7.401735559963481,-5.826580245612604,-6.089999328771333,-5.970946599804422,-7.334362559401944,-6.724940956025384,-7.93947954220888,-7.587509154084751,-16.511607088556076,-6.223371119924874,-6.627679617583543,-6.387995662394928,-16.304013091740952,-14.853867994179522,-20.629055370981234,-18.647814098193365,-6.230657289793644,-13.122007843473515,-6.006087276293119,-5.804632461583472,-16.46093290268169,-7.823244307153748,-5.740266789472117,-13.568805746440704,-16.850881565754733,-5.13509878152276,-6.990164656968603,-15.508255077549167,-14.68601866567302,-7.947041059010784,-16.851173474271928,-5.948702689344441,-18.54605608117924,-16.631364437136426,-18.23079326313168,-6.902531745594923,-18.75244686153102,-7.655335968233194,-7.05119171230913,-6.592278614168206,-7.702808787707759,-11.870880216967114,-6.176040709349392,-6.300856004391452,-6.979899332191063,-4.893955727942904,-17.043173487417846,-7.82961313204042,-15.344954369797627,-11.564925848547896,-19.046231538184234,-11.920055632983928,-6.987440176015055,-7.57393514280726,-18.249305578642705,-11.314434087567877,-7.933122871618522,-6.658066380581868,-14.095571560149551,-5.733973640498833,-14.452898095545596,-16.85894593277903,-15.647661095603928,-6.922880133352305,-6.9745937283565365,-13.145224970631144,-7.02360872897701,12.672268209951643,-6.842200843132566,-8.248782903808817,-7.803819965261247,-6.946011174382778,-5.082528840020224,-6.033804245305341,-7.37863771953591,-16.984287597738543,-7.670024449496644,-15.206624280569985,-9.24734261202935,-13.365495564891683,-6.996511440699502,-23.502306819323053,-6.1422669153723755,-7.130994020840499,-15.202024377280695,-11.499885208187461,-17.182624710597896,-15.770624003400625,-7.053991579874001,-5.693441564095915,-7.0454047918215394,-16.325161537168576,-5.7157877525127745,-17.53577173480838,-6.096443800535599,-7.102663140505179,-13.052109829748083,-14.182856467055375,-6.07992555580504,-17.48980214552705,-6.2425509118438045,-7.976387906146053
int2float,-5.866309016599391,-5.946497799374471,-2.6526553349637982,-6.449211836065563,-4.272372953173785,-1.2430254671835401,-11.306176417838596,-4.284716928428687,-8.865076962136017,-2.391026485740727,-7.723897365439051,-11.077726345800144,-8.524379161281672,-4.290394177022817,-2.811959496188966,-8.127906304631882,-6.994742562832553,-1.163314861023649,-4.08632708222693,-8.048371436730061,-12.705773978689301,-8.753557948178758,-1.8401394220322818,-5.768279199116578,-8.198170295363047,-2.9171750894571065,-8.469223498286567,-0.7444169674773482,-5.9589642483180185,-4.085356546883687,-6.195500882327882,-17.897914285283754,-9.999320057950552,-4.59166697234126,-4.765562296607425,-1.0776689700732454,-3.962463537069926,-3.974117716334711,-15.332251351769905,-6.517104305686845,-0.6984245698171643,-4.070277618554413,-5.892568784123238,-11.604053225978362,-8.598273231079062,-0.6657159407964599,-4.145088403858815,-2.814375934137674,-9.026093376918142,-5.762776690111164,-8.43595426635046,-5.847858872687704,-9.20965576225344,-11.273894722572827,-11.255699655221207,-1.1297494702965736,-4.520997961171342,-10.074975152792948,-6.88214569516237,-14.435050693886543,-5.873519254629608,-4.080506428383416,-5.974681924611883,-16.981505773893844,-3.4641573250510547,-5.8723203682362675,-9.092365464923647,-11.165144834308709,-11.428799219228704,-2.6752015825408297,-7.223419822952298,-7.847122100502431,-16.93023795808761,-2.7396225907159435,-4.365178826594466,-14.523112902629064,-5.83689554973343,-11.687614075225634,-4.072686166476508,-6.898546673591969,-2.569688834321626,-3.107837378256428,-1.047556028002909,-6.462649206637643,-1.0741193433012266,-6.6842882751826185,-8.396057515548177,-5.977516451354266,-5.355584933671637,-2.5799924524758837,-6.238132007354889,-6.136341535589978,-15.982442141537394,-18.343016649181795,-6.9160236005152695,-7.767570026714836,-0.7794514360260907,-3.3802908046230584,-6.571567643773573,-9.837426636930957,-18.31625634540538,-6.990732367279469,-13.58618933009028,-1.070196352349115,-3.858071115796513,-11.353898678471193,-3.259664061590672,-6.5879040076798026,-5.006259570189772,-8.80110896836309,-1.1704109695996547,-1.0289439933731348,-6.33854823214538,-1.030860586685785,-4.069286203440287,-12.656055323751305,-1.0435802738625157,-9.620123288315973,-2.573931265103497,-1.1789495806990584,-6.562311415296902,-9.539969773646732,-5.42352300723767,-6.662543531960867,-0.6561739676123004,-0.8855815598084629,-0.8135837675425712,-1.1891115973315625,-8.868244784563231,-4.086645762935716,-3.7548486584968277,-8.17018754866966,-4.966739867101622,-6.068986839863203,-11.121898584505042,-2.812592114819996,-4.83414308685216,-5.6760770383198444,-7.021841029068559,-0.9597872403967074,-5.2429014214433876,-1.6033504434891794,-0.8858650706196158,-16.393325076333735,-4.089913618395817,-1.1751827480204264,-0.9697441099816873,-1.165316728190846,-4.178604632515926,-1.1742754963882804,-0.7858086253925798,-3.8109219120873705,-8.936858013198364,-4.081502725280082,-7.699637900972383,-0.8849582080599658,-4.470694169571748,-5.225032562358924,-4.541220568079773,-0.6550627886877303,-4.0180520751191535,-0.8475245547548544,-4.679586275272525,-3.133202721964671,-0.9622728232068267,-1.0659026396097113,-3.9191092338477693,-1.1580881516343804,-7.155039170639043,-0.7848336397111666,-1.0874371460557661,-0.8007513365380063,-4.103678758357792,-1.1733285194379737,-5.8997016788557675,-5.233571543055118,-1.009341343407982,-1.160490776528814,-4.2965541958274285,-4.849108332676475,-0.7564785439113955,-4.553264933236459,-3.7461539572381986,-0.7925556021160887,-2.293047657009528,-33.47548916923255,-0.914929329913452,-0.804106584579193,-0.6909704964424872,-6.249888463281781,-1.1348775667896764,-3.1840329342623477,-2.1859926560927816,-4.5707749893421346,-5.3959949075275135,-4.097920909233839,-1.2308245148126913,-0.6557448197811375,-5.444791132401297,-5.398920146486475
ctrl,-3.9707269005511234,1.9789425769661024,3.475227514958747,2.5154088815644386,5.516716644910243,-0.23016045216831804,-0.009377750073793045,0.49698941896905247,-1.434710294892611,2.323411897279235,-0.913098034966223,8.210360164258857,0.09736766058329449,1.0981602971875288,8.632583915798854,-1.2447724323013498,5.5781721130254285,4.359140755091737,-1.4869947170280546,-1.5207579655984693,1.746965352649858,6.273764197627983,3.105672077901508,8.6639642465588,16.37580119956854,-4.289059726772502,0.43747498500516224,-1.4052942295720743,-7.244306081349878,2.516713476443381,3.9446918854249313,-1.2797300456621687,-0.17449011612818977,-1.6052707993573831,8.579718669294078,1.6732115486457402,0.24736077413791335,-1.5865837487741778,7.477129372401212,-1.6042703810094554,0.7148770098244435,1.4710267218365676,3.3541544050893157,2.8598164853952337,-0.9071055248950746,-0.7095516541674698,0.31926629339377266,-33.638879720889804,1.878292794924623,3.4881677625893373,-5.9931809514779495,9.007920335821716,-0.17203401799442108,1.8287985866004943,0.3228984537844699,3.0333625433627223,-20.762086122332054,1.8654134794243094,-0.5365925202145765,-0.8460660405656539,3.093517076049709,1.4080956958346347,7.1074621470290005,6.141621359305147,6.40839125431086,-0.8682090124597854,2.771433423306062,5.963190237454877,-0.02549810691851251,0.9797933578090801,2.216552172036179,1.433488333733247,3.81380008277156,13.475687195495858,3.648880660391718,2.559784345846708,0.17875420248589347,-1.6939571864536274,0.966579328474011,6.022867540037549,0.13891648510334864,0.2275836280108119,-0.1307710933675863,1.517460879977648,0.31646668567510083,-1.6040046477887597,1.7925950123074048,0.47288338019063847,-0.834927133260571,1.8449699627520473,-1.4997360193904536,2.681499764784233,5.996843866634769,-1.5986741127373787,0.600597874055401,10.976656119646151,0.2883838563055061,1.4576971319765706,1.1272728783679886,3.6804229906754333,-0.9564280793803346,-0.796852109778607,-1.2256675655569258,6.87108888400347,1.3625527070282333,-2.0450810301392344,1.4615839774430288,1.5129619980032567,3.998414296744949,0.9663325164400387,0.24507303209931042,2.707033930806005,2.642949697465644,-1.7416332580273606,3.4547561278673777,2.1563619713338764,13.929425849816102,3.261440221011274,-1.8502973932087987,2.5318947426779443,-1.1689120619296884,-1.5294578889896402,-0.20574859020558067,15.03323898829825,3.102845662166608,1.8894900543665054,16.302337744320823,5.608115737436042,2.491295820854571,5.048737858264313,4.224178372741702,-1.8914804832687673,1.0263193195299731,-0.18417794508093444,0.26483131213783606,-0.03215261607813957,1.205221110817595,-5.293758374986226,9.304365626328792,-1.6376665719831556,11.627852137014273,-0.6190019802206193,4.231342388215072,3.611524855548336,-0.17662121539326225,4.371216019873517,-0.10849521833518194,9.583510070655286,12.198017228671919,1.9112033523010208,5.1490138919532455,-3.805546368343421,1.0640301378223098,-5.295761040789033,1.5481819594111608,-0.286703191163693,2.868870953410055,1.6804657902212607,1.038340566920989,3.4271387666816224,-6.23865856306444,-1.463893847763606,4.863600712006649,0.20563068722492117,2.764489420593475,-0.05284867863418752,6.039481758621456,-1.0315327701000787,2.0488705154396953,1.8126289011352084,8.02827732717174,1.4462837705729426,8.904961146994086,2.361025544775532,10.47294323458009,1.4006686147601202,-1.0702423920279365,-1.3745977630748722,1.0915616510476118,5.3777920987944725,11.578271506275737,0.4984409361513267,2.718772821940947,1.3480508717888657,5.668506147139432,3.2997509579150117,-1.2767514882387831,4.244073182240029,0.5051586611169889,-0.35411665736814646,2.6890269421699076,-0.5646800807700076,1.4383200213832543,0.5855420908670648,0.36604118116645257,17.10418364919196,3.1203655423675425,-0.6221557595926712,-0.6558379768381721,-0.32764942789623186
priority,-17.20898108193424,-17.51644747863501,-15.865548829253488,-7.461481859475598,-7.829925703169474,-15.096044066055919,-12.742203393955304,-14.485376991529716,-15.716856005996107,-22.089609117917917,-16.055781192649356,-16.027422182548605,-15.385590224482314,-16.85916644930382,-17.465989030467306,-15.716135611873923,-17.02150246867775,-16.747967196270658,-14.236589595008903,-14.88787852620731,-14.944072675119187,-16.91350276439098,-14.357364473731504,-14.563776664892114,-14.580992924671786,-15.370791992389073,-16.722422326475726,-16.210068824523074,-15.136981829623473,-16.857485034682014,-15.321266621535274,-15.121742829104626,-14.83739200389865,-16.885684822218366,-15.054889903023964,-16.85392608008344,-14.269791248482203,-16.12405658249414,-16.263752332794535,-16.942044062496237,-16.1827007712016,-16.83566671646812,-16.912247026795725,-15.205758583518088,-17.113094608242946,-16.860018906289113,-16.748277374273457,-16.945588733312597,-16.737905242932396,-16.923327991879077,-15.187215128260842,-14.77580385591557,-17.447830317847007,-16.892432322534532,-14.97038335299197,-15.565885730711095,-14.947702159224402,-15.777650881583025,-16.76609711824608,-15.2410245320482,-16.514540272827706,-14.724053194627706,-14.798647739753612,-14.219683690724821,-15.427331828698708,-17.46664575594842,-16.93539085292463,-15.357587032472289,-16.891839553884964,-16.815103424524466,-15.731708771873443,-16.85574692892323,-23.944542596192207,-16.848628985876793,-16.246809935803995,-13.73240250641044,-24.819165583057703,-16.044582615618864,-15.237509144242019,-15.390033317156963,-15.19718645164549,-13.69999683476745,-15.240297300272312,-16.911263668586198,-14.729038584269514,-16.90084244156352,-15.142250638140107,-16.819601552289257,-15.22990053278243,-15.829416215938942,-17.307816410227765,-14.711807349643912,-16.772835705503237,-15.931222725614905,-14.235737588537848,-16.904851463902926,-17.111901451066835,-16.95079993509134,-14.799954712380838,-16.839691375397614,-15.777364528832,-16.838688461402732,-16.33771219344278,-13.107271199572768,-16.531986865208147,-14.80303867306262,-14.985379932874674,-16.621318386760024,-16.25157052885462,-16.401891712232867,-15.302041425493247,-14.989405181373293,-16.84730790394172,-16.768751408464237,-15.031375767660606,-15.167076192637811,-22.83011627119997,-15.423834270603557,-16.839453762665396,-16.10871549317562,-16.546374556219646,-16.742748851660682,-23.535513842681894,-13.718140837594591,-14.94073143191751,-13.964872439481018,-16.375801610786226,-16.72973802814529,-15.877361586074663,-14.35898208946965,-16.91821388707035,-15.789387172608084,-15.585855387751455,-15.23988801679026,-15.366060715913882,-16.45446555171214,-14.824925647053512,-14.563733453119626,-16.803945506978298,-14.36746911848604,-15.276299162852084,-15.390976725424114,-15.13510769285519,-16.343942124648272,-16.652249555976734,-16.907659281283756,-17.036780894715008,-15.128447246787772,-15.804154207910578,-15.29044152231356,-15.154270232474367,-17.05098896444033,-17.09955369943625,-15.294393465612377,-15.551535319348485,-16.5909683265594,-17.042890311783907,-16.698138231878204,-16.787299989068853,-15.663927446995423,-14.868323032788119,-15.09868939562309,-15.448669975270823,-16.954472801931633,-20.453640172654115,-14.800064741559723,-16.744876669778762,-15.456974844187922,-14.89586566442794,-15.531685473111558,-13.500600558978023,-15.139760472960194,-16.634565179127602,-16.704095489335018,-15.525839305685675,-16.9576699261367,-15.094122477545469,-14.88104288199133,-16.87652641327783,-24.84335625140426,-14.491864424586002,-17.21354773511637,-15.271059989575472,-15.782359970814452,-15.124571510840592,-15.825718024518505,-15.351878296011176,-14.571285085874049,-14.54776029072249,-15.14324887560693,-14.87549508196134,-14.97822999130694,-15.172155441792722,-14.082994140931422,-16.876001098079875,-15.468269499173015,-15.361701736182376,-15.509786327606236,-13.779190197710527,-17.06150979040296
cavlc,-1.9038294250520025,0.09836925370662997,-2.5603965569761726,-0.4830706437147939,-2.9708984018391877,-1.657878722719023,-3.771963262578104,-2.1749768818973343,-3.5707034628103487,-3.226390003838991,-2.752485313254251,-3.1497179911233224,-2.1542145674482467,-1.235713980215626,-3.3498172078637483,-3.719870757125726,0.08300876632708987,-11.487331819421795,-3.2239105301849675,-1.1348439736368525,0.2014312120759092,-1.1120381578032488,-1.103422867740314,0.4692298820512919,-2.7047092490912603,-3.449374716463968,-3.951542308416971,-10.541508920679686,0.9971698077050384,-4.369199369474541,-2.612659540382391,-4.373450093140903,-4.210132762970158,-2.5853160024268718,-4.671942488373177,-3.0148469376211704,0.21185427273308544,-3.3108905252216347,-2.693262252641427,-1.7329629373611248,-3.632120215728433,-1.58189072543842,-2.0142657282203786,-2.6023349923908388,-4.4962056948210645,-2.3261505448335145,0.0006143893859373861,-2.7909591157613254,-2.7406178252664954,-2.6564426082185575,-0.5320761514319771,-4.076831002799369,-1.3963553026626574,-2.5243317479821386,-2.796839556022712,-2.9760009869795736,-1.7606504034948083,-3.523748669339851,0.45634402892786874,-0.8592253876250792,-1.0567882778456719,-0.03620079868907844,-3.9778382105254315,0.31072836798095027,-0.309389325509724,-1.449613450052675,-1.6871433676094796,-3.0721195135833534,-1.2173092832229697,-1.1366458795703496,-4.4890653094343325,-1.662038215337312,-3.0271541497094208,-0.7654500224328666,-2.9717944354698114,-0.5265684241248665,-1.4063415203838454,-3.965609962152598,-2.85056564737972,-3.593771831764971,-0.45216516527468187,-0.3002075954504495,-1.3535413431008263,-3.8732827408595156,-0.0681071547783485,-2.4123459343907774,-2.4036029446078295,-2.155394215427467,-3.191333710480872,-1.8293090652319317,-3.6026440225947285,0.03184537659364706,-2.939303858129798,0.08707376271124367,-3.093220449749368,-1.4212532448768487,-3.2677811604395317,-2.8355273962114342,-4.392929860200601,-1.1677964001905585,-1.3358510029584805,-3.2585526187172738,-0.9325734084247981,-2.8141862153099346,-1.5715384018286311,-1.5159384804050644,-2.913845879348221,-3.3807285483151306,-1.2369965006221666,-0.13902440368588875,-1.8052116181289466,-2.0720715520042288,-2.0784842635987557,-0.5230164091678217,-0.6711112867021417,-0.8430311493390781,-4.215809891725785,3.0885492442823077,-2.080457378812073,-0.9692471162639831,-2.4529416702728923,-2.058540233225419,-1.7463191965620952,-3.3549990784825776,-2.8683654841719792,-0.08535922916032135,-0.49185610542524416,-1.9774521779590164,-0.3670729222444047,-0.9353828213821838,-0.5413748088431416,-0.5760052242031523,-3.45656300032511,-3.2617519967822237,-1.2273246249206935,-0.44940700253955357,-2.014939085429605,-0.4331956182231731,-2.209085101954651,0.045523142242098746,-0.5939895403893932,-1.2749670871194954,1.1454463049976988,-0.0485829960655042,-0.5755471381369607,1.2090096888696733,-0.16980058115606234,-1.070451484398062,-0.30413956912762463,0.4173765612511733,-1.1282904763080515,-2.71659294303872,-0.5576541514841307,0.5330286992645066,-4.787481382277869,-0.07655636899832219,-1.6358748218995496,-1.3243062395168956,-2.293645445674748,-0.46842718179056153,-0.3516032182717086,-0.10117204815948311,-1.1867190351628192,0.7105117153402355,-0.6176285204257401,1.5467230008436563,0.08821559645112553,-0.970075892936305,-1.1368195430323327,-0.9836283168007327,-1.3785956498579535,-0.5919432212310034,-6.35093508832439,-1.7629458470528139,-0.5549416623954648,-4.927904549756041,-0.2338847767614053,-1.1179265827275482,-1.1401507076602484,-1.0998304844794022,-0.14621179316196065,-0.2641035498358616,-1.9909606298929257,-0.7151985818359716,-6.507142877302184,-0.4245820550320263,-0.32914927182837295,0.09612790163293305,-0.08373247613720014,-1.1468954509040858,-0.5990666107973178,0.31110942909671213,-0.22884570216386202,0.9081427858506976,-0.43677246232014844,-0.5813802665418932,-0.13785588881126354,-0.5902052445029163,-0.5572945008240882,-0.5573162903415035
i2c,-2.624908207982573,-3.9903677698762245,-2.8821693154017516,-4.050383127235817,-2.37204663581154,-2.413308988645594,-2.2614485648362868,-3.851323015727205,-1.4061811679224483,-1.6715141391028059,-3.1694080370659914,-2.0918651329040148,-2.5970572666138345,-5.200897632263215,-4.837391234238834,-1.8219155924847525,-3.9789001649567854,-2.002695224478212,-2.7639734851017685,-4.324410616369787,-2.924635276956369,-3.2535201535159173,-5.86216873761045,-4.887057670428743,-1.5140580645930815,-3.32045696690159,-3.1828368290707054,-3.0383545450439335,-3.972450862421864,-1.5626065443552313,-4.2169170898100194,-4.059335682909234,-1.8222751024840165,-4.447700334728062,-2.1288003183151547,-2.480433916902914,-3.5864226021386396,-5.497127207982361,-4.472214250903744,-2.5581753983461173,-4.646785842307121,-1.651894887566056,-4.39735877672931,-4.300636285241789,-2.431166503069389,-4.091501863965899,-2.87446942901964,-1.9853081255990332,-4.307960087603526,-3.163932231947983,-3.447984529232285,-4.0547258519951175,-4.46786016751788,-3.209539644663179,-5.981732231669882,-3.1086507962509318,-3.995547620638036,-0.93619854013484,-3.0283879967891743,-1.727692302242176,-2.9200234755647845,-3.0412259973058413,-1.5188098783431179,-4.363477677406804,-3.058988885953403,-2.2521320864782726,-1.9227575705017212,-4.149226343962688,-4.637627472813923,-2.518857233703284,-2.5437249115485057,-2.8977042518331344,-0.919319070730241,-2.149633377842583,-3.4457264706126507,-3.2633143396908375,-1.2344902779146651,-3.3353475513863664,-3.5541753602164787,-2.534815368318971,-2.7653589139415216,-5.339850750874392,-3.3696144393082355,-2.581244725864524,-0.37288349081127814,-1.5439428945969444,-1.3262316247919168,-4.5463888694977665,-2.119212976351092,-2.5985183572062236,-2.023373128858326,-3.1477659244132887,-2.570693012151957,-0.9449214362546079,-2.881755126210635,-1.7680279096984315,-1.0733508232060764,-2.625706246481884,-4.221278016813516,0.6493103002824285,-3.1628616858414444,-1.757096797397038,-4.2625358189498,-3.380798241910491,-1.1787478024519173,-2.144590632583915,-2.3613785013790807,-2.1255518805594456,-1.900577497673555,-3.351466052364813,-0.6400852200011784,-3.467584207903719,10.12651752671405,-2.748841234129461,-1.166289505040349,-1.299150529633958,-2.522002298168993,-1.7926210929834028,-3.1019258806654095,-2.947766553563243,-1.5513632775037103,-2.9208707105201146,-1.416204287053467,-2.6210232511847007,-2.1569616038091493,-1.3523821507428844,-3.516099797686913,-1.721254574991709,-1.8036796757126643,-1.37449544966577,-3.0514868846482255,-4.557441994732556,-2.7601807301109016,-1.2964155556535306,-1.6877699519022145,-2.321735274003366,-2.581606507216657,-1.3503824343109676,-2.5513815357278786,-2.511180872027015,-1.8207414127057904,-1.9855597114277004,-1.9144228689047396,-2.6420752912488705,-1.460512490308901,-3.394524143217236,-0.8621375364836057,-1.8577282222742673,-2.141686487452439,-3.042800016199167,-2.8300725985458217,-2.0838613422453194,-2.3766681940984284,-1.1688565619824731,-2.02684251670489,-1.651356458080933,-2.5828140126764016,-2.543811605090383,-3.170017127686419,-3.0026795780037845,-2.0855558795751126,-1.0486324653716663,-2.620617207484078,-1.7749244474198962,-1.6509386392329088,-1.0337504396837323,-1.8553543061768984,-3.120489339687695,-1.9527778067116097,-2.8096787091201745,-1.9083636568763505,-1.5426069058687393,-1.9149816505074184,-2.1970252159438672,-2.637580026822239,-2.680543251429457,-2.156867203305453,-0.6202762939839348,-0.20259605318540208,-2.2972434792520797,-3.495677405207114,1.503439138587291,-1.8709587002670423,-3.1165645685609293,-1.0287985985060533,-2.091285289941748,-1.9378020180454827,-1.7309335093109977,-0.3298375415790882,-1.8206193272807223,-1.816396923347881,-1.189286768718469,-1.8243471706278918,-1.1961309767742307,-1.2181399924696443,-3.015615463443023,-0.026425011879062765,-0.5272212701342935,-1.4652124651740144,-1.0962972464377936
i10,-1.0450164566218356,-1.4247022979541923,-2.331416758336592,-1.0382773598024446,-2.841903791286872,-2.7156623762757834,-2.3773160986915567,-0.7208541757735998,7.961693092002394,-0.3143362073811736,-4.103217374580611,-1.9448738572631656,-0.02372624548594704,-2.656859321352359,-1.7626373899734433,-4.7018056366891825,-2.256363993492172,-1.9527933233723676,-0.4655293490520631,-2.560139689304187,-1.3009002949074668,-4.32026713715255,-1.3997499716045883,-0.25717424594986416,-2.0942334215633016,-1.3293407932032086,-0.8580511497131967,-1.8026759803986463,-3.2129233102202366,-2.770712231356122,-0.4942431192140512,-2.0011369333619244,-1.6124915287645074,-0.7395152287202519,-2.346108230254858,-0.9269260927225179,-1.041223072409223,-1.4865351853677424,-1.6464193940927678,-1.3984669263711456,-2.163490161371181,-1.93406405162222,-2.4065830064451923,-2.352373741450493,-1.7282565456435606,-1.9021013314958275,-2.210208698688862,-1.5683826650762462,-7.302037999121511,-1.2422239134480142,-1.7672755560405269,-0.598365529427379,-0.33157948681284277,-0.5893483310932728,-2.4564335371465127,-2.0145081935598115,-0.0031577195015940474,-3.8608156009171073,-2.1362772721957652,-1.6215705617042546,-3.4054842631912896,-1.8743413037423693,-1.8686615072873916,-1.974446136664973,-1.8215606021940423,-0.8598339674794766,-0.10119466110083142,-2.5043867051055395,2.3905821010225266,-2.6417454192965826,2.183922394015884,-1.0252881291186249,-2.225998206234153,-1.0457631998675359,0.37054059982666715,-2.0942059524176297,-1.410560845097641,-1.1723174799764995,-1.143596845416845,-3.8319486143219414,-1.6868757637736405,-1.9180624109287092,-1.1690204012507657,0.449184307212071,-0.23126502107241875,-2.1529563558126643,-1.2701206858965768,-2.2627654570825357,0.28776936242825424,-1.6835115630384183,0.7392193760317113,-3.0600826526763507,-2.2874955127572143,-1.8411744480253445,-0.7114535368158363,-0.7154201970605436,0.19643072106648674,-3.0003789063328883,-0.624390433851205,-1.4570844163250556,-2.3819247319452233,-2.430746607543912,-3.4046779489277736,-0.9037049835599495,0.014798352393061265,-0.5344353277538857,-1.3346915494016158,-1.485826570937601,-0.8352733423850651,-0.9788438481431544,-0.686411125003078,-1.1084417433250546,0.2767173732378152,-0.5408717413419251,-0.7149753325663393,-0.9094969835490583,-0.5281877641267523,-0.2938814701357368,-0.6915584433672574,-1.0657790972003722,0.45240028540427585,-0.43489010974240216,0.01372821685373049,-0.4906084005695949,0.21572663369764894,-0.35939523296591613,-0.7794479704431968,-1.8131703389415734,-1.314615401673835,-1.622116907730454,-1.4367027640759276,-3.6901531091253665,-0.35733123576432,0.015187314639159677,-0.743312074592829,0.09272890323534755,-1.3447480107720744,-1.1982420906779905,-1.4567017232274346,-1.6640363104272102,-0.5835130475354636,-1.4691936040868583,-0.8329619702849287,-1.4604504781505916,-0.9279559126916608,-0.7877573024380122,-1.8089714872359028,-0.761774976957592,-0.11304664299852152,-0.232329865520428,-0.49923918539195844,-0.3078042873820987,0.00083608801515489,-1.4111059962018033,-1.8621652936896655,-0.9440325049169737,-0.5805319663184725,-0.6288818645341177,-0.1417069352711906,-1.43013955509637,-0.8859854535959074,-0.5813015034078131,-0.20100540626227104,-1.8776822977089687,-0.3286808006385282,-1.0415725104154294,-0.3225812300758265,0.02800452725309177,-0.644013956452663,-0.33786793001455595,-0.6562073538338404,-1.5049639915480808,-1.0484578781266367,-0.0776575405079889,-0.15035323612879425,-0.8898012507244125,-1.221244285355559,-0.5634447399964133,0.2773389549592664,-0.42084597234892973,-0.6783175527605774,-1.089230813458573,-0.5140459974725727,-1.1623093784562915,-0.7151250866626649,0.09399173163082064,-0.9450949680533078,-0.6379122328377024,0.6875945712136333,-1.9783448861440451,0.7232427040243284,-0.030743247598253864,-0.08930052326731353,0.18625410806424447,-0.6883337300151778,0.11578652831046543,-0.6927902182402939,-0.49928857355938894,0.46141439856845423,-0.5965305530872658
max,-1.9992900279912775,-2.378501852361477,-2.2877321339526913,-2.9137702938064307,-1.5649271310201633,-0.9308382233138089,-2.49867003350042,-2.908097543501403,-3.593102462344515,-3.0096458653520597,-2.0006470847693847,-0.7295646016385111,-2.7821110268503166,-1.7467264646304985,-2.9865467617775363,-1.5891814145404735,-0.9792547365311979,-2.217450522311296,-1.792124125500683,-3.308461674165372,-0.8488722527626597,-2.755836499257028,-0.46358906718729187,-2.6865936562918016,-1.9137293974963283,0.5086015035626414,-2.309667600468215,-1.8767197731881127,-2.3507381818976594,-1.5932990559658569,-2.1783383727308108,-2.891308590616477,-2.643140187443913,-2.707967760720117,-1.7326956975527876,-1.4709619251156725,-2.0274383130761553,-1.9614887359166153,-1.7028545542990416,-0.8684440680466097,-2.1109950875810224,-2.080426199305709,-2.456648925509924,-2.584135486612019,-1.2585571418167456,-1.8340148562445684,-2.4734823555759675,-1.3711159267908488,-1.0261096117483262,-2.4783965187027173,-0.8623797905106161,-3.7939849404052852,-1.9517053532736433,-1.1586242667624085,-2.12716327560189,-1.62841074157875,-2.652541892243403,-2.627135324769363,-2.568265739924942,-1.2315138976174693,-1.7115391647110179,-1.1796006031670951,-1.2054593114552392,-0.7271506249174042,-2.1782168496557985,-1.448088464539943,-1.1885786538704854,-2.0334322586608318,-2.916455149547306,-0.6985940672342553,-1.4077202067395143,-2.551875518153542,-1.9259366989914417,-1.8075978061428852,-2.286619875117257,-2.435011493113966,0.14444315249082984,-2.2696147022945166,-2.118408733410555,-1.9497726310755703,-1.4561323177836827,-2.514570814759386,-2.350758975849114,-1.8397140349373007,-1.30055846204217,0.8390721101703478,-0.610847948407244,-1.4353344517935747,-1.4798361870358625,-0.5387691174856608,-0.45822864905949534,-2.3490193310146155,-1.628116524853925,-2.1043941250176257,-1.5995030699084154,-0.9346183557547691,0.5124547750487828,-0.8865399938272133,-0.019044935061238832,-1.2400938275363254,-0.842888140132187,-1.5264776029230922,-1.7071984181342217,-3.5992393882892304,-0.049998183158270426,-2.419000900003098,-1.745137211174372,-2.042966008855324,-1.1702737484874381,-0.8077884750996701,-1.4556693944928774,-1.3173334411184774,-2.0132561278326606,0.22863204609221466,0.5665213181129738,-0.6116964408041536,-1.529357535478796,-0.08075918192447551,-0.32100259679358134,-1.3220368485209366,-0.8296144603666702,-0.8806142731719547,-0.6025031168645552,-1.5636402363221182,-0.7704275782793254,-1.5124161464278334,-1.8575647237447324,1.8120520206817474,-1.0008913979700567,-2.0654182027308376,-0.7993917891262402,-1.5958425934712608,-1.2463033209712928,-0.4628326254838241,-2.354335748139122,-1.9047983837915128,-0.890940326308709,-0.7297119959224552,-0.6842873663615875,-0.9273729926843375,-1.5123600146911704,-0.735039287922515,-1.9012032799898848,1.3347252571692136,-0.873619340795105,-0.7438630782533788,-0.32286317251060803,-0.7477780294697756,-0.835056995570875,-1.5286498728251354,-0.44000952881061584,-0.8890210463981162,-2.3846272970864235,-1.51710448161545,-0.6513035367859208,-1.0003571034763303,-0.866823572199783,-1.4898717595201205,-0.7463829387818914,-0.8234775698579422,-0.12239564308958295,-0.8488507664381612,-0.8123274022806805,-0.5836174794076289,-0.7717768461340688,-0.7080768711956607,-2.4963976760948423,-1.404340776299815,-1.20685147913033,-0.7883620059527988,-1.2353433186773675,-0.24412010970214926,-0.32455909516907144,-1.414378077826015,-1.207980435093496,-0.8589741977087504,-1.1959276008205362,-0.9751088694682258,-0.8408017669000407,-0.2535262316209196,-0.5806663329668603,-0.8705056567455834,-1.7399048134692978,-0.8497326283023862,-0.5983471159698661,-1.5267593083860893,-0.34394469289257845,-0.8596043907750168,-1.7644779785331577,-0.6728014635090617,-0.7249350965324625,-0.44810292512029193,-0.27772156178322027,-1.4368320377268542,-0.6141413042669692,-0.9524117176257252,-0.7221121924475666,-0.14824349347140653,-0.6441032722200224,-0.48274912837609896
bar,0.33756670299347313,-0.10576422133991348,-0.18240118349214632,-0.01911650957689459,0.2458414146299097,-0.11376446860665468,-0.17210156713850466,-0.18992460180874357,0.8728757719345734,-0.5242177919301985,-0.10055640128921856,-0.29727088326687195,1.552257935807462,-0.0721049048187086,0.025530149543814475,-0.16216450169856894,-2.553543374183941,0.1286133021850852,5.728674926418883,-0.2585262788754526,-0.3468545145991606,-1.4027377439076745,0.1730650444692356,-0.02549701173606178,-0.06110779484905177,0.022276388377432295,-0.035179691863981954,0.9162575671926443,-0.08657098430223958,-1.3718862644891265,-0.09656981010870944,-0.21049508826147195,-0.322999838599479,0.07819290833835255,1.1461406053591252,-0.1333463459141644,-1.217965904371916,0.26683774995971055,-1.3745019312638445,-0.2600935665323931,0.5570533524652539,0.1921165748301607,-1.3439696984333587,-0.21179331921704328,-0.2652918547485133,-0.20690219552773645,-0.14825690241414693,-0.10433356919812656,-0.08133096668675949,-0.012060558529431817,-1.0585488781436398,-0.09164588143241764,-0.2189289674298147,-0.19323030195154633,-0.774027828755788,-0.14707676889671734,0.07329690808678851,-0.14546902753356306,-0.13067374708636595,0.4151826824782173,-0.16262496276355456,-0.9295045161632394,-0.04918402169133847,-0.7424442343191563,-0.16197295904962367,1.2181497691753944,-0.11858447783400597,-0.3294440251215671,-0.43146191107248094,-0.06945820251925783,-0.4282541013969974,0.33678492857227127,-1.5017241053972434,-0.03172248064262031,-0.10687240598315553,-0.09566023794160314,0.07889838990752127,-0.4441169904665553,-0.06126627791903594,0.07438404714030908,-0.09051248409089524,-0.2671358127781194,-0.16059997528175596,-0.09415681767336509,-0.03052744349958976,0.36497012469506784,-0.09492706649814753,-0.12445645661069898,-0.26334602441739347,-0.27588449245028995,-0.30450553972825584,-0.07195920765626851,0.09621928030451937,-0.1263734397721667,-1.2643632609644948,-0.18987267081559273,-0.0415384549588161,0.2791244875360861,0.2827442265438673,0.046659528315031625,-0.6167096506547194,-0.2395931758923435,-0.08658712262024798,-0.5538935028225106,-0.07842563180249354,0.0069211160357180515,-0.20009019830798477,-0.00939278513942983,0.07926269723562152,-0.23246578713660027,-0.060949890784621104,-0.5191278495602494,-0.23161918685183655,-0.9958311545176488,-1.0139523243785078,-0.04292844441732453,-0.20351118280569136,0.028325240374712658,-2.9525922447257917,-0.16741810674982788,-0.09738801003809083,0.30553572025121345,0.32926332505901845,-0.002011623685819683,-0.040716083875275824,-0.13268992565357451,-2.246436539380923,-0.0721974930880708,-0.12662144074295736,-1.1866966372971213,-0.07238482378647498,-0.17318376672090635,-0.14028444594404926,-0.1363208502204241,-0.059906811270636545,-0.09845335429663132,-0.1189454309800488,-0.2590277158612606,-0.23671892286125995,-0.18022025425306484,0.14925949424104532,-1.0060749440485541,-0.14713885883775063,0.02024197016874716,-0.11462506542731114,-0.14860922336018076,-0.09594360548384875,-0.15242686451727852,-0.07976565270132333,0.383831511345176,-0.15284522250887284,-0.10071948745903259,-0.2103520840135553,-1.3589965597428662,-0.12225437367470335,-0.032493846932887746,-1.134262623584597,-0.22085636491518332,-0.2014892072201111,-0.12654561064090653,-0.1905126128927078,-0.10094591470813613,-0.08418417959270966,-0.07106091791907401,-0.2027222072526873,-0.1024034766659144,-0.18747100822916038,-0.0660147195470368,-0.03690207216931078,-0.10339204743398514,-0.19202757381570693,-0.14868037685743132,0.029950595428627554,-0.24358952046968496,-0.15772617195940924,-0.14335877396351687,0.004296276616596498,-0.11467476744643196,-0.20970255837398583,-0.15219732434379893,-0.18147421562513405,0.7451473982710619,-0.13796062486390395,-0.14070182830620656,-0.09092134079369396,-0.20509900071691256,-0.41692150322267274,-0.18739622706365863,-0.18824602071320037,-0.21837476584499185,0.14099651249550677,-0.10203369268055124,-0.10042986396178197,-0.05179109351771309,-0.10921502198459818,-0.43387764036734744,-0.24705837701604064,0.3919308874357478,-0.1998051839625572,-0.20491135413932626
sin,-0.692850859749281,-1.6695930091091766,-1.2772130988119512,-0.7701725408134432,-1.4119826059449796,-1.6678724608466102,-1.1967303318701648,-0.8558651951717127,-1.5165718747959003,0.11421384041090762,-1.2564124836853785,-1.7782149392076818,-0.42465103620475747,-2.097739900479789,-0.8777203885697751,-0.596377877781822,-1.4810772928861509,-1.4116284894192337,-1.007641102882575,-1.1930743237747958,-1.6206876720546635,-0.6453788243066525,-0.44257785890766743,-0.23044251021649792,-0.5074789150798347,-2.0038745198571086,-0.7289113072907759,-0.23692052470030886,-0.7263619549859313,-0.9087917743537168,-0.6372170722539847,-0.35682935097539237,-0.9449834936161792,-0.9826573894325334,-0.6703983076196558,-1.1901930162124845,-0.6110600249058901,-0.38906176933696734,-0.5689338407325162,-1.0604926602019298,-1.0305069037836088,-0.7465529362654428,-0.971781089126237,-0.671575824131912,-0.6973290179682831,-0.8544498536633209,-1.1009381845022834,-0.49801870035857376,-0.5072782538340272,-0.6785459609290305,-0.7273557411505368,-1.1433575156441873,-0.37500614580372205,-1.4504391458818429,-0.8513994354542994,-0.8187577891030197,0.5959962458941526,-1.2357618589116404,-0.8911874124176983,-0.945937563650943,-1.7036847505216477,-0.9185188686718243,-1.4225190043846427,-0.5122262077183439,-0.9936533798999748,-0.7393656856006251,-0.5243046020035899,-0.6155420345898913,-1.0117693523947642,-0.8841637265869493,-0.7232260841300333,-0.5198590814444006,-0.7963393128215595,-0.7506898929879068,-0.6803234740873307,-0.860515096001349,-0.5800409641032424,-0.7569135964172591,-0.6390081232591183,-0.1795108520734181,-0.7986665645490914,-0.6190604425021735,-0.5451656945091705,-0.9639580048669962,-0.4503266391425808,-1.0343615880579997,-0.620961667051666,-0.8897118447567822,-0.22830374617407231,-0.6433628307017045,-1.3852424434751909,-0.8036331650763238,-0.83398085137209,-0.6682178178261693,-0.940895158235647,-1.0320533704273742,-0.8132912426369956,-0.6001415110208275,-0.7418448601312325,-0.4761472028820216,-0.9088075572846983,-0.7272302551422714,-0.8687741292675258,-0.2277427277425829,-1.7218454462544655,-0.7998098347608943,-1.0643765926785302,-0.7995287849419012,-0.7911237834588887,-0.6083744504905635,-0.8268407434312061,-0.6382625117727604,-0.914929408616763,-0.679381779616746,-0.9420749356296386,-0.6747678473427117,-0.6083513315163096,-0.5196266109854042,-0.9902640891565999,-0.39202176735672106,-0.43383894641056064,-0.7283053235413097,-0.4120814893166795,-0.8172871517491413,-0.3333659628013451,-0.703236619378687,-0.34241339671216375,-1.0631456503821592,-0.4410500966454443,-0.7703149657927834,-0.4271765812838987,-0.2737996098540767,-0.6445452586536502,-0.6453349537445113,-0.27311868669318173,-0.8262005692458593,-0.9530001904406026,-0.8686448038209311,-1.052656161715108,-0.8427579878877519,-0.6586526486972728,-1.04995023119138,-0.5669274951932254,-1.5439539970637126,-0.6532177471703133,-0.8654385466191385,-0.28255202164584015,-1.2893084186084474,-0.4524324322789547,-0.5747958872064355,-1.0923407805786152,-0.8890001801473448,-0.2615070428876656,-0.4115496843218267,-1.5819652244479527,-0.2020341875044488,-1.0341787204773518,-1.0271447886749419,-0.3551389996204708,-0.5646909667832958,-0.5823123888623886,-1.17917480039027,-1.077102880296721,-1.6783772355575772,-0.07757619424289836,-1.129614360987631,-0.5317105948862194,-0.8376855085324777,-0.8217983835910523,-0.4315005005896556,-0.5715489634407745,-0.13765774682935106,-0.6792025118833834,-1.7169237931518602,-0.7927092069320991,-0.7840400381010452,-0.5000424672676551,-0.4586958310339873,-0.7584084302538375,-1.4208711115727621,-0.7451936038034599,-0.7930756345821038,-0.9499381833406189,-0.17404075450968867,-0.8320875799052297,-0.807085509897382,-0.5120010337334623,-1.038806798339121,-1.0618806103365444,-0.8962632682349484,-1.0591555667998425,-0.945072644886134,-0.7989525310616705,-0.9963144737827313,-0.6287996007930063,-1.0077870798470976,-0.9515617615948007,-0.8501394369425002,-1.2131015668357723,-0.8621982268961098
voter,-0.7639593242280398,-0.21936862852619693,-0.3587078817370886,-1.249649996557398,-0.09383107817137301,-0.20808645084855976,-0.4517272420109162,-0.3090895854627127,-0.4524804509752418,-0.5969262548964437,-0.20877045591135457,-0.679584979496414,-0.17793824291440205,-0.5078769002400859,-0.18722186467336893,0.062109859095638834,-1.1763403551052607,-0.3164635768107432,-0.7993699063758003,0.006624154906734264,-0.3957300765503706,-0.29460643333436176,-0.9959831136444077,0.031320130892265166,-0.09344115409693692,-0.5614613603175045,-0.18504576964216485,-0.30895457903653784,-0.49032371681976505,-1.1222531080281386,-0.44778338267849815,-0.3401821289459429,-0.40089828843323444,-0.4499919176611663,-1.072789166606769,-0.3118171997795209,-0.13369655416333864,-0.471248243422581,-0.39787239098606797,0.02528200814985916,-0.3013159746277354,-0.26381672127957995,-0.8517288084879326,-0.9788533626907715,-0.5067385988992537,-0.2982660581633268,-0.32224924630138646,-0.08758053767952309,-0.5978530503748367,-0.3047298446786361,0.046870864041561,0.10548697850899415,-0.3618156336597963,-0.5837325213958083,-1.438354642749964,-0.31174536346967013,0.051887496252764884,-0.20899581052026917,-0.37654909367480904,-0.380426586274432,-0.3207739546378019,-0.4997424592242919,-0.3364683136184464,-0.2641092869307049,-1.0692490241377632,-0.05893439494834768,-0.0483068434011648,-0.2696592470210391,-0.21620872028894456,-0.6689206154277814,-0.25803339474398207,-0.4862993089571126,-0.20887932221733413,-0.35482519911733207,-0.33589585505239805,-0.5107405483450929,-0.40461043057449914,-0.1464905827676844,-0.28854872624623057,-0.41570094220472,-0.14453370820848827,-0.43032551988148743,-0.36462852628501935,-0.4591495577413763,-0.4159210915274747,-0.49022090754045394,-0.24476450918757792,-0.35269943937777987,-0.295743528103984,-0.4684086260989432,-0.6577497214816254,-0.5746411558991542,-0.601749460027499,-0.5799670396703047,-0.200681534173552,-0.2488386207671865,-1.0692261002837398,-0.8283793753504114,-0.37051792730841243,-0.3696560864803121,-0.5226109832462031,-0.447233232552654,-0.41286338461011113,-0.5150567287670984,-0.4534265427668944,-0.2162092226170525,0.34246275801539966,-0.07960356502474926,-0.42412779233500353,-0.4320466042152312,-0.3170193345152487,-0.27559237727144215,-0.40316898385658156,-0.35421342610353956,-0.38540937743173054,-0.5029715597643187,-0.14865039254409856,-0.32409509843059364,-0.6072180526441922,-0.7065848680671641,-0.588170423250719,-0.7306686276361843,-0.9926592885193133,-0.29392078823873874,-0.46833685250217266,-0.39947176791662575,-0.4726889357585677,-0.018053510480303667,-0.2163025014858762,-0.5990938040109317,-0.4566520054668662,-0.04876644339057895,-0.30483481869626944,-0.3984732942298251,-0.3766522815891336,-0.27227084049254774,-0.4142923929347451,-0.3531551625903675,-0.5196260776753683,-0.4198379694660787,-0.2208652260983876,-0.3974496755978856,-0.17693732004187648,-0.35433221024293854,-0.3208246987532214,-0.13121880455189694,-0.3818889418558868,-0.25286022922838697,-0.07102232725725352,-0.45558719631063826,-0.13044986108043535,-0.24371644442844081,-0.5025862885620067,-0.24950629450791134,-0.12077267618577532,-0.4398151859200497,-0.5874428611332165,-0.21828431820934133,-0.26116769031196524,-0.33989630381653146,-0.4022020036886371,-0.5344529897830128,-0.007915901311717738,-0.5043927023869081,-0.361320165295925,-0.3758748596159693,-0.4067474805041393,-0.24685429223248806,-0.30337419831045603,-0.452863036515342,-0.3919509243809986,-0.5561621838313543,-0.4610080605359126,-0.46213704838910363,-0.12398403758985042,-0.4673166957368252,-0.7007702968385694,-0.3062467617863392,-0.37751328070647744,-0.6322497314394906,-0.2594325126616811,-0.17350602172743002,-0.38989747046315176,-0.24091369671148238,-0.47353509066698307,-0.28764522861184477,-0.35071880105626807,-0.429060109314114,-0.2383255455423749,-0.5920158225730805,-0.4204119279250976,-0.4828896439212291,-0.3318075663970184,-0.46185306748830435,-0.5044258357110727,0.11073413602430383,-0.35700362933871344,-0.11649901218411625,-0.23387907094327406,-0.4824450192914535
square,-0.003952170524138817,-0.05794750608465366,-0.09687237051035635,-0.03754285873720224,-0.012173401635089795,-0.09650173415588735,-0.019143999797901344,-0.12999060183165154,-0.023997686693992222,-0.03196577756792328,-0.025387841963944457,-0.06572442932576808,-0.08971997947371617,0.03282216521735687,-0.031464442442257205,-0.012126134167602184,-0.04345030280871901,-0.07712790167593712,-0.011660072432773439,-0.05498135950395794,-0.016991671114596707,-0.033293167047896484,-0.047470435191790054,-0.16653898265531356,-0.1331885026286506,-0.0454544891356811,-0.01948870234257425,-0.012600103494585553,-0.0197707864538874,-0.02660601361695092,-0.018127563017063246,-0.022126225036241877,-0.09085166550837104,-0.043968570947783094,-0.04990363767649613,-0.028902747563135656,-0.054088632160681244,-0.0492168455887116,-0.10859013594438331,-0.06259015071925116,-0.0749703386675979,-0.055682837893397605,-0.03824450206910681,-0.0692655236828738,-0.08569228980770457,-0.15311525372633167,-0.0328318422449756,-0.07982816790609297,-0.058313703770379616,-0.09349422064465661,-0.07538578742685763,-0.05150583911445205,-0.037106261541891866,-0.03928428766459299,-0.03445833383168768,-0.06699933922681513,-0.09182880842231146,-0.031140962606886292,-0.06299762652834633,-0.0684068311900985,-0.04670136585098719,-0.10709418026358805,-0.037207040840413555,-0.05573619907621129,-0.0552182366038324,-0.06798011635271325,-0.06546899536952314,-0.09784245770554922,-0.06123193848337783,-0.07640707493291943,-0.08006919606542581,-0.048889731957669984,-0.047955125532098145,-0.06457017262905224,-0.10911077166628999,-0.03203704412857072,-0.009145722883437872,-0.09772920194350833,-0.1543903236908545,-0.06383415697107848,-0.13084245102602227,-0.059102288973065104,-0.11073403671694333,-0.08783451990349961,-0.05823283053948578,-0.06727226278946384,-0.07795257342153723,-0.06105719477049786,-0.07974532517576492,-0.056606437416093315,-0.024019065607284625,-0.04231748786121304,-0.10036577223603871,-0.0670435288394728,-0.05635520396371532,-0.1151785960176068,-0.04528720042255607,-0.07405283264135643,-0.06514764836459254,-0.05821163812812067,-0.08174533321327568,-0.05100856478835549,-0.06134572753577083,-0.05900032894818934,-0.04354250502602748,-0.06184395387705969,-0.04505871689008293,-0.05006545525514413,-0.08676180157070945,-0.10743429027509413,-0.08642179803151089,-0.04505586109644207,-0.05645522138763512,-0.011730049062032892,-0.027427582250587675,-0.00626107135490479,-0.02874827057027863,-0.05531508505549657,-0.15276265430778668,-0.07514149334969718,-0.1012315936312213,-0.07730230255191191,-0.06500502652545177,-0.11078961709598688,-0.08229194786575754,-0.1556047785920654,-0.17875401805779226,-0.08845173587673512,-0.07219413818018827,-0.07334742899811669,-0.05144751744769572,-0.06172925530104541,-0.06801428749582068,-0.05750574407859781,-0.05550875998829197,-0.04927032310427932,-0.04956921422447467,-0.05647325919392983,-0.06174263265528724,-0.054617999642241746,-0.03812273539555363,-0.0470896677857385,-0.04874345097039786,-0.037056729693024607,-0.030940357408620715,-0.07022960279917247,-0.04971756753359222,-0.056628098025192135,-0.016840317730210948,-0.08909124206874482,-0.17314030877657202,-0.04921105995825976,-0.09801858964023559,-0.062394769329144464,-0.0771195828678531,-0.023802463931701677,-0.03958753912606631,-0.051519882627107515,-0.05280238598829404,-0.04332753382465352,-0.05335234030760237,-0.06597094581023462,-0.023759187509425968,-0.060918722115437314,-0.04229542667631062,-0.04451278069011111,-0.04700451992515879,-0.03774423844277069,-0.015364544169515914,-0.06726398829139739,-0.02282078185515652,-0.06523221217120079,-0.05410436279281767,-0.057029182618681507,-0.04055410970354382,-0.03919240380677973,-0.04923079775008821,-0.07534757873813651,-0.03546620296953166,-0.08940723130904782,-0.05118130179681147,-0.06640570545161241,-0.04722971060759764,-0.04085252741840924,-0.06059440395274075,-0.047718720727170594,-0.03966498518050519,-0.03693478525617367,-0.024000753952833152,-0.009112570127845446,-0.026342534534454357,-0.08628066347373892,-0.11654321772407365,-0.07733915082185001,-0.05452160011163641,-0.04975730180514857,-0.0600593056716407,-0.06117805685900599,-0.06257348417741426,-0.028962091453725688
sqrt,-0.9216575550323916,-0.5020854487732316,-0.25604448394468937,-0.3916824717696047,-0.3254738258048634,-1.018364383984094,-1.3787410705682186,-0.501820008465583,-0.28543095789965356,-0.3097755429808604,-0.9598651952880081,-1.341605293080711,-0.8775861377371962,-1.040163703635427,-0.6212226321286063,-0.9681985191496042,-0.3139271340569781,-0.6984406977104785,-0.4532086292740765,-1.0598661432559595,-0.3598312338325943,-0.31026805265520374,-0.2664202747899036,-0.5765797250550205,-0.8137132162810681,-0.36779741351661566,-0.654927230595694,0.1335408836062082,-0.6480233058865807,-1.002921899298879,-0.642701310215963,-0.29342986707890917,-0.3310705411487744,-1.2463396864506044,-0.6260187070457848,-0.33450378797618935,-0.5686148936960833,-1.660356587440192,-0.3167241687882665,-0.49436376695157663,-0.5267142051634509,-0.9821423067772627,-0.7309904605266726,-0.5742103182116245,-0.7343241717158231,-0.5505961148342203,-0.2576912851184661,-0.9016063110743056,-0.9590813059740725,-0.5423746613359558,-0.9805000020971607,-0.2965280639225399,-0.3132400468522475,-0.5857448472377511,-0.9811360056071138,-0.3368920657189692,-0.33210964818788064,-0.2796537891035123,-0.2665028554675725,-0.8363020443160587,-0.3088107186214322,-0.30384594978423923,-0.2922817363048638,-0.28955629533391336,-0.29306040343252465,-0.3683622933434102,-0.3169853990938986,-0.30420604469243356,-0.3261870569951388,-0.28334479425850106,-0.9502194307411375,-0.28252604073621984,-0.46225853744584156,-0.3265164005877872,-0.32937053194977844,-0.32071408463626744,-0.33126173228705313,-0.32744406548788335,-0.30378091582609007,-0.32255912133375725,-0.32652539976073297,-0.3178069412612437,-0.31702358898108407,-0.3198792362130739,-0.3113652610256993,-0.30658546982493284,-0.32310052837809355,-0.26721219983830924,-0.330656401562546,-0.31967008417903947,-0.25257571915186494,-0.3343981557489999,-0.3048467175186477,-0.31840966690984235,-0.32218730372619664,-0.3339636424201914,-0.32638206296913513,-0.3247673559772179,-0.3012845508543319,-0.3123596758998076,-0.26645685558878907,-0.32754164096072774,-0.3182643561469973,-0.30994551263182585,-0.32152099243680854,-0.3258533611342039,-0.32519545083822293,-0.324791201931534,-0.3207059123504353,-0.32169091042732056,-0.33247672483300666,-0.3115870769257475,-0.27696642072984584,-0.310179590454414,-0.317293994667049,-0.3300120165124895,-0.3244371065689896,-0.32956901130483,-0.32153544120314376,-0.3305830342643526,-0.317481022450082,-0.2998294549707396,-0.30661459590808837,-0.3088589470971117,-0.32504721797636266,-0.31264766710636926,-0.3234910768961921,-0.31820643064079757,-0.3177440695782424,-0.3209952900708181,-0.33196704469801075,-0.3257153231853863,-0.33839232004162073,-0.3162298974035332,-0.32910857115528824,-0.32484199320287793,-0.3187915793184067,-0.32094346466486884,-0.32589027645100194,-0.34741432501150177,-0.3185754124995761,-0.3262622177260253,-0.3247922909637825,-0.32731984456175006,-0.31597818913831005,-0.3069032928928704,-0.32975518411097593,-0.3227906166551046,-0.32343588034028703,-0.3267778800448002,-0.3304391241168256,-0.3117963805078514,-0.3145032494131329,-0.31680232721811574,-0.31670757135251526,-0.32937071012924685,-0.3255350815859758,-0.324032267795759,-0.3290334876068094,-0.3237335951217367,-0.33148034765767403,-0.3266013180233892,-0.33322026430407986,-0.32460445136664445,-0.3265715550896506,-0.32958112791195643,-0.3295137427031492,-0.3287423924554807,-0.31950313491817434,-0.32360835454742876,-0.3301883588601233,-0.31530910200221096,-0.3312808072203103,-0.3272031684976919,-0.31801876027010156,-0.3284654115681508,-0.3191438427439536,-0.32754701511980805,-0.3134224369377289,-0.3268944169941196,-0.32916002129768995,-0.32201558497783567,-0.3304101032672051,-0.3208536624127981,-0.32766928484708896,-0.29737709947166396,-0.3182148364667882,-0.31650489426027234,-0.34431400318650573,-0.31901063772219906,-0.31058595379132764,-0.2954316095451264,-0.3133722616469846,-0.6531702231156093,-0.30712156003308766,-0.5816393804793869,-0.6731300643377319,-0.7204477255298513,-0.34198978904711563,-0.6589813499374516
